-- MySQL dump 10.9
--
-- Host: localhost    Database: site
-- ------------------------------------------------------
-- Server version	4.0.24-standard

/*!40101 SET @OLD_CHARACTER_SET_CLIENT=@@CHARACTER_SET_CLIENT */;
/*!40101 SET @OLD_CHARACTER_SET_RESULTS=@@CHARACTER_SET_RESULTS */;
/*!40101 SET @OLD_COLLATION_CONNECTION=@@COLLATION_CONNECTION */;
/*!40101 SET NAMES utf8 */;
/*!40014 SET @OLD_UNIQUE_CHECKS=@@UNIQUE_CHECKS, UNIQUE_CHECKS=0 */;
/*!40014 SET @OLD_FOREIGN_KEY_CHECKS=@@FOREIGN_KEY_CHECKS, FOREIGN_KEY_CHECKS=0 */;
/*!40101 SET @OLD_SQL_MODE=@@SQL_MODE, SQL_MODE="NO_AUTO_VALUE_ON_ZERO" */;

--
-- Table structure for table `rad_dafield`
--

DROP TABLE IF EXISTS `rad_dafield`;
CREATE TABLE `rad_dafield` (
  `dafield_id` int(11) NOT NULL auto_increment,
  `daobj_id` int(11) NOT NULL default '0',
  `statevar_id` int(11) NOT NULL default '-1',
  `dafield_name` varchar(50) NOT NULL default '',
  `dafield_desc` text NOT NULL,
  `dafield_type` varchar(50) NOT NULL default '',
  `dafield_dbType` varchar(50) NOT NULL default '',
  `dafield_formFieldType` varchar(50) NOT NULL default '',
  `dafield_isPrimaryKey` int(1) NOT NULL default '0',
  `dafield_isForeignKey` int(1) NOT NULL default '0',
  `dafield_isNullable` int(1) NOT NULL default '0',
  `dafield_default` varchar(50) NOT NULL default '',
  `dafield_invalidValue` varchar(50) NOT NULL default '',
  `dafield_isLabelName` int(1) NOT NULL default '0',
  `dafield_isListInit` int(1) NOT NULL default '0',
  `dafield_isCreated` int(1) NOT NULL default '0',
  `dafield_title` text NOT NULL,
  `dafield_formLabel` text NOT NULL,
  `dafield_example` text NOT NULL,
  `dafield_error` text NOT NULL,
  PRIMARY KEY  (`dafield_id`),
  KEY `daobj_id` (`daobj_id`)
) TYPE=MyISAM;

--
-- Dumping data for table `rad_dafield`
--


/*!40000 ALTER TABLE `rad_dafield` DISABLE KEYS */;
LOCK TABLES `rad_dafield` WRITE;
INSERT INTO `rad_dafield` VALUES (1,1,-1,'address_id','primary key for this table','INTEGER','int(11)','-',1,0,0,'','',0,0,0,'','','',''),(2,1,-1,'address_fname','The first name of a contact','STRING','varchar(50)','textbox',0,0,0,'','',1,1,0,'First Name','Enter the first \' name','e.g. Elvis',''),(3,1,-1,'address_lname','The contact\'s last name','STRING','varchar(50)','textbox',0,0,0,'','',0,0,0,'Last Name','Enter the Family Name','e.g. Presley',''),(4,1,-1,'address_email','the email address of a contact','STRING','varchar(75)','textbox',0,0,0,'','',0,0,0,'Email','Enter the email address','',''),(5,1,-1,'address_phone','the phone number of a contact','STRING','varchar(50)','textbox',0,0,0,'','',0,0,0,'Phone','Enter the phone number','e.g. 867-5309',''),(6,2,-1,'navbargroup_id','Primary Key for this table','INTEGER','int(11)','-',1,0,0,'','',0,0,0,'','','',''),(7,2,-1,'navbargroup_nameKey','The multilingual lookup key to retrieve the group name.  \'[group_[nameKey]]\'','STRING','varchar(50)','textbox',0,0,0,'','',0,0,0,'Name','Enter the nave of this group','',''),(8,2,-1,'navbargroup_order','defines the order in which the groups are to be displayed on the Nav Bar.','INTEGER','int(11)','textbox',0,0,0,'','',0,0,0,'Order','Enter the order of display for this group','',''),(9,3,-1,'navbarlink_id','Primary Key for this table','INTEGER','int(11)','-',1,0,0,'','',0,0,0,'','','',''),(10,3,2,'navbargroup_id','Foreign Key relating this Link to a group','INTEGER','int(11)','-',0,1,0,'','',0,1,0,'','','',''),(11,3,-1,'navbarlink_textKey','the key for the multilingual content to display the name of this link. \"[link_[textKey]]\"','STRING','varchar(50)','textbox',0,0,0,'','',0,0,0,'','','',''),(12,3,-1,'navbarlink_url','the url of a link not tied to a site module.','STRING','text','textarea',0,0,0,'','',0,0,0,'URL','Enter the Url for this link','',''),(13,3,-1,'module_id','Foreign Key relating this link to a build in module for the site.','INTEGER','int(11)','droplist',0,0,0,'','',0,0,0,'Module','Select the module for this link','',''),(14,3,-1,'navbarlink_isActive','Bool flag turning link on or off.','BOOL','int(1)','checkbox',0,0,0,'','',0,0,0,'is Active?','Is this link active?','',''),(15,3,-1,'navbarlink_isModule','Bool flag indicating if this link uses a module key or url.','BOOL','int(1)','checkbox',0,0,0,'','',0,0,0,'is Module?','Is this link a site module?','',''),(16,4,-1,'navlinkaccessgroup_id','Primary Key for this table','INTEGER','int(11)','-',1,0,0,'','',0,0,0,'','','',''),(17,4,3,'navbarlink_id','Foreign Key relating this entry to a link','INTEGER','int(11)','-',0,1,0,'','',0,1,0,'','','',''),(18,4,-1,'accessgroup_id','Foreign key relating this link to a site Access Group','INTEGER','int(11)','droplist',0,0,0,'','',0,0,0,'Access Group','Select the group that should see this link.','',''),(19,5,-1,'navlinkviewer_id','Primary Key for this table','INTEGER','int(11)','-',1,0,0,'','',0,0,0,'','','',''),(20,5,3,'navbarlink_id','Foreign Key pointing back to which link is being referenced.','INTEGER','int(11)','-',0,1,0,'','',0,1,0,'','','',''),(21,5,-1,'viewer_id','Foreign Key relating back to the viewer being assigned this link','INTEGER','int(11)','droplist',0,0,0,'','',0,0,0,'Viewer','Select the Viewer for this link','',''),(22,6,-1,'navbarcache_id','Primary Key for this table.','INTEGER','int(11)','-',1,0,0,'','',0,0,0,'','','',''),(23,6,-1,'viewer_id','Foreign Key linking this cache entry to a viewer.','INTEGER','int(11)','-',0,0,0,'','',0,0,0,'','','',''),(24,6,-1,'language_id','Foreign Key linking this cache entry to a particular language version. (each viewer can have a cache entry for each language)','INTEGER','int(11)','-',0,0,0,'','',0,0,0,'','','',''),(25,6,-1,'navbarcache_cacheMain','Holds the main nav bar data.','STRING','text','-',0,0,0,'','',0,0,0,'','','',''),(26,6,-1,'navbarcache_cacheSub','Holds the sub menu data cache','STRING','text','-',0,0,0,'','',0,0,0,'','','',''),(27,6,-1,'navbarcache_isValid','BOOL flag indicating if this cache info is valid.','BOOL','int(1)','checkbox',0,0,0,'','',0,0,0,'','','',''),(28,7,-1,'navbarcontent_id','Primary Key for this table','INTEGER','int(11)','-',1,0,0,'','',0,0,0,'','','',''),(29,7,-1,'language_id','Foriegn Key linking this content to a language','INTEGER','int(11)','-',0,0,0,'','',0,0,0,'','','',''),(30,7,-1,'navbarcontent_key','The content key for this content data.  Values are usually either \"[group[ID#]]\" or \"[label[ID#]]\"','STRING','varchar(50)','-',0,0,0,'','',0,0,0,'','','',''),(31,7,-1,'navbarcontent_data','The actual content to be displayed on the page.','STRING','text','-',0,0,0,'','',0,0,0,'','','',''),(32,8,-1,'navbarxlate_id','Primary Key for this table','INTEGER','int(11)','-',1,0,0,'','',0,0,0,'','','',''),(33,8,-1,'language_id','Marks the language that the translation needs to be in.','INTEGER','int(11)','-',0,0,0,'','',0,0,0,'','','',''),(34,8,-1,'navbarcontent_id','Foreign Key linking to the content entry that needs the translation','INTEGER','int(11)','-',0,0,0,'','',0,0,0,'','','',''),(35,3,-1,'navbarlink_order','used for specifying which order this link should be displayed in the nav bar menu.','INTEGER','int(11)','textbox',0,0,0,'','',0,0,0,'Order','Enter the order this link should appear in the group.','',''),(36,9,-1,'viewer_id','Primary Key for this table','INTEGER','int(11)','-',1,0,0,'','',0,0,0,'','','',''),(37,9,6,'accountgroup_id','Foreign Key linking this account to an account group','INTEGER','int(11)','-',0,1,0,'','',0,1,0,'Group','Select the group','',''),(38,9,-1,'viewer_userID','The user id for the site login.','STRING','varchar(50)','textbox',0,0,0,'','',1,0,0,'UserID','Enter the User ID','',''),(39,9,-1,'viewer_passWord','The account password','STRING','varchar(50)','textbox',0,0,0,'','',0,0,0,'Password','Enter the Password','',''),(40,9,-1,'language_id','The default Language ID for this viewer','INTEGER','int(11)','droplist',0,0,0,'','',0,0,0,'Language','Select the default language','',''),(41,9,-1,'viewer_isActive','Is this account currently active?','BOOL','int(1)','checkbox',0,0,0,'','',0,0,0,'is Active?','Is this account active?','',''),(42,9,-1,'viewer_lastLogin','Date viewer last entered web site.','DATE','date','-',0,0,0,'0000-00-00','',0,0,0,'Last Login','Date User last logged in.','',''),(43,10,-1,'accountgroup_id','Primary Key for this table','INTEGER','int(11)','-',1,0,0,'','',0,0,0,'','','',''),(44,10,-1,'accountgroup_key','The label key for this group. (used to lookup in multilingual labels for display value)','STRING','varchar(50)','textbox',0,0,0,'','',1,0,0,'Group','Enter the group','',''),(45,11,-1,'accesscategory_id','Primary Key for this field.','INTEGER','int(11)','-',1,0,0,'','',0,0,0,'','','',''),(46,11,-1,'accesscategory_key','The Label lookup key for this category','STRING','varchar(50)','textbox',0,0,0,'','',1,0,0,'Category','Enter the category','',''),(47,12,-1,'accessgroup_id','Primary Key for this table','INTEGER','int(11)','-',1,0,0,'','',0,0,0,'','','',''),(48,12,8,'accesscategory_id','Links this access group to a category.','INTEGER','int(11)','-',0,1,0,'','',0,1,0,'Category','Select the access category','',''),(49,12,-1,'accessgroup_key','The label lookup value for this access group','STRING','varchar(50)','textbox',0,0,0,'','',1,0,0,'Group','Enter the access group name','',''),(50,13,-1,'language_id','Primary Key for this table.','INTEGER','int(11)','-',1,0,0,'','',0,0,0,'','','',''),(51,13,-1,'language_key','The Lable lookup key for this language.','STRING','varchar(25)','textbox',0,0,0,'','',1,0,0,'Language','Enter the language name','',''),(52,14,-1,'vieweraccessgroup_id','Primary Key for this table','INTEGER','int(11)','-',1,0,0,'','',0,0,0,'','','',''),(53,14,7,'viewer_id','The Viewer ID that we are defining an access group for.','INTEGER','int(11)','-',0,1,0,'','',0,1,0,'','','',''),(54,14,9,'accessgroup_id','The Access Group we are linking to a viewer.','INTEGER','int(11)','-',0,1,0,'','',0,0,0,'','','',''),(55,15,-1,'accountadminaccess_id','Primary Key for this table','INTEGER','int(11)','-',1,0,0,'','',0,0,0,'','','',''),(56,15,-1,'viewer_id','The account we are defining an access priv for','INTEGER','int(11)','-',0,1,0,'','',0,0,0,'Account','Select the Account','',''),(57,15,-1,'accountadminaccess_privilege','The access privilege level of this viewer','INTEGER','int(1)','droplist',0,0,0,'','',0,0,0,'Priviledge','Select the priviledge level','',''),(58,16,-1,'episode_id','Primary Key for this table','INTEGER','int(11)','-',1,0,0,'','',0,0,0,'','','',''),(59,16,-1,'episode_date','The date this episode was aired','DATE','date','datepicker',0,0,0,'','',0,0,0,'Air Date','Enter the date it was shown','',''),(60,16,-1,'episode_showNum','Which episode in  the season this is','STRING','varchar(3)','textbox',0,0,0,'','',0,0,0,'Episode #','Enter the Episode #','',''),(61,16,-1,'episode_description','Description of the plot of the episode','STRING','text','textarea',0,0,0,'','',0,0,0,'Description','Describe this episode','',''),(62,16,-1,'episode_title','The title of the episode','STRING','text','textbox',0,0,0,'','',0,0,0,'Title','Enter the title','',''),(63,16,-1,'episode_fragCount','how many people did Jack off in this episode','INTEGER','int(1)','textbox',0,0,0,'','',0,0,0,'Jack\'s Frag Count','Enter Jack\'s # of Kills','',''),(64,16,11,'season_id','Foreign Key linking an episode to a season','INTEGER','int(11)','-',0,1,0,'','',0,1,0,'','','',''),(65,17,-1,'season_id','Primary Key for this table','INTEGER','int(11)','-',1,0,0,'','',0,0,0,'','','',''),(66,17,-1,'season_name','Name of this season','STRING','text','textbox',0,0,0,'','',1,0,0,'Name','Enter the name of the season','',''),(67,17,-1,'season_date','The year of this season','DATE','date','datepicker',0,0,0,'','',0,0,0,'Date','Enter the Year of the season','',''),(68,18,-1,'nssaccesspriv_id','primary key for this table','INTEGER','int(11)','-',1,0,0,'','',0,0,0,'','','',''),(69,18,-1,'viewer_id','links this entry to a viewer in the system','INTEGER','int(11)','-',0,1,0,'','',0,0,0,'','','',''),(70,18,-1,'nssaccesspriv_priv','defines the access right of the viewer in the NSS payroll system','INTEGER','int(1)','droplist',0,0,0,'','',0,0,0,'Access Level','Select the access level of the user','',''),(71,18,13,'nssren_id','id of ren in the NSS system','INTEGER','int(11)','-',0,1,0,'','',0,0,0,'','','',''),(72,19,-1,'nssren_id','primary key of table','INTEGER','int(11)','-',1,0,0,'','',0,0,0,'','','',''),(73,19,-1,'ren_id','ren_id of NS staff in AI system','INTEGER','int(11)','-',0,1,0,'','',0,0,0,'','','',''),(74,19,-1,'nssren_staffID','defines the account number of NS','STRING','varchar(15)','textbox',0,0,0,'','',0,0,0,'Account #','Enter the account # of NS','e.g. 007007',''),(75,19,-1,'nssren_salaryAmount','defines the monthly salary of the NS','INTEGER','int(6)','textbox',0,0,0,'','',0,0,0,'Monthly Salary','Enter the monthly salary','',''),(76,19,-1,'nssren_salaryCap','defines the maximum salary NS can draw in current financial year','INTEGER','int(8)','textbox',0,0,0,'','',0,0,0,'Salary Cap','Enter the salary cap','',''),(77,20,-1,'payrolladjustment_id','primary key of table','INTEGER','int(11)','-',1,0,0,'','',0,0,0,'','','',''),(78,20,13,'nssren_id','links this adjustment to the NS.','INTEGER','int(11)','-',0,1,0,'','',0,1,0,'','','',''),(79,20,-1,'payrolladjustment_desc','reason for allowance/deduction','STRING','text','textarea',0,0,0,'','',0,0,0,'Description','Enter the description of adjustment','',''),(80,20,-1,'payrolladjustment_amount','states the amount for adjustment','INTEGER','int(6)','textbox',0,0,0,'','',0,0,0,'Amount','Enter the amount','',''),(81,20,-1,'payrolladjustment_type','defines adjustment is allowance/deduction','STRING','varchar(10)','droplist',0,0,0,'','',0,0,0,'Type','Select the type','',''),(82,20,-1,'payrolladjustment_date','defines the date when adjustment is made','DATE','date','datepicker',0,0,0,'','',0,0,0,'Date','Enter the date','',''),(83,20,-1,'payrolladjustment_status','defines the status of the adjustment request','STRING','varchar(10)','droplist',0,0,0,'','',0,0,0,'Status','Select the status','',''),(84,20,-1,'payrolladjustment_reply','reply to the adjustment request. (e.g. reason for rejection)','STRING','text','textarea',0,0,0,'','',0,0,0,'Reply','Enter reason for rejection','',''),(85,20,16,'nssadjustmentreason_id','id of adjustment reason','INTEGER','int(11)','-',0,1,0,'','',0,0,0,'Reason','Select the reason','',''),(86,21,-1,'nsstransaction_id','Primary Key for this table','INTEGER','int(11)','-',1,0,0,'','',0,0,0,'','','',''),(87,21,13,'nssren_id','Foreign Key linking a transaction back to a NS Ren','INTEGER','int(11)','-',0,1,0,'','',0,1,0,'','','',''),(88,21,-1,'nsstransaction_baseSalary','The amount paid in the form of their base salary','INTEGER','int(6)','textbox',0,0,0,'','',0,0,0,'Base Salary','','',''),(89,21,-1,'nsstransaction_adjustment','The amount paid in the form of an adjustment','INTEGER','int(6)','textbox',0,0,0,'','',0,0,0,'Adjustment Amount','','',''),(90,21,-1,'nsstransaction_totalSalary','The total amount paid during the current month','INTEGER','int(6)','textarea',0,0,0,'','',0,0,0,'Total Salary','','',''),(91,21,-1,'nsstransaction_date','The date the payroll was generated.','DATE','date','datepicker',0,0,0,'','',0,0,0,'Date','','',''),(92,21,-1,'nsstransaction_isExported','BOOL flag indicating if this value has been exported to Solomon.','BOOL','int(1)','checkbox',0,0,0,'','',0,0,0,'Exported?','','',''),(93,22,-1,'nssadjustmenreason_id','Primary Key for this table','INTEGER','int(11)','-',1,0,0,'','',0,0,0,'','','',''),(94,22,-1,'nssadjustmenreason_reason','Key for Multilingual Labels.  Contains the reason information.','STRING','varchar(50)','textbox',0,0,0,'','',0,0,0,'Key','Enter the Key','e.g. ChunJie',''),(95,23,-1,'module_id','The Primary Key for this table','INTEGER','int(11)','-',1,0,0,'','',0,0,0,'','','',''),(96,23,-1,'module_name','The Name of the module','STRING','varchar(50)','textbox',0,0,0,'','',0,0,0,'Name','Enter the Module Name','',''),(97,23,-1,'module_desc','The description of this module','STRING','text','textarea',0,0,0,'','',0,0,0,'Description','Enter the description','',''),(98,23,-1,'module_creatorName','The name of the person(s) designing this module','STRING','text','textbox',0,0,0,'','',0,0,0,'Creator','Enter the Name of the designer','',''),(99,23,-1,'module_isCommonLook','BOOL: do the pages in this module share a commong look and feel?','BOOL','int(1)','checkbox',0,0,0,'','',0,0,0,'Common Look?','Do the pages in this module share a common look?','',''),(100,23,-1,'module_isCore','BOOL: Is this module part of the core site system?','BOOL','int(1)','checkbox',0,0,0,'','',0,0,0,'Is Core?','Is this module part of the core site system?','',''),(101,23,-1,'module_isCreated','BOOL: has this module already been created (basic directory & core files)?','BOOL','int(1)','checkbox',0,0,0,'','',0,0,0,'Is Created?','Has this module been created?','',''),(102,24,-1,'statevar_id','Primary Key for this table','INTEGER','int(11)','-',1,0,0,'','',0,0,0,'','','',''),(103,24,17,'module_id','Foreign Key linking this state variable to a module','INTEGER','int(11)','-',0,1,0,'','',0,1,0,'','','',''),(104,24,-1,'statevar_name','Name of this state variable','STRING','varchar(50)','textbox',0,0,0,'','',1,0,0,'Name','Enter the name','',''),(105,24,-1,'statevar_desc','Description of this state variable','STRING','text','textarea',0,0,0,'','',0,0,0,'Desc','Enter a description','',''),(106,24,-1,'statevar_type','Defines the variable type for this state variable (STRING, INTEGER, BOOL, DATE)','STRING','enum(\'STRING\',\'BOOL\',\'INTEGER\',\'DATE\')','droplist',0,0,0,'','',0,0,0,'Type','Select the Type','',''),(107,24,-1,'statevar_default','Default value for this state variable.  Leaving blank = \"\"','STRING','varchar(50)','textbox',0,0,0,'','',0,0,0,'Default','Enter a default value','',''),(108,24,-1,'statevar_isCreated','BOOL: has this state variable been created in the module?','BOOL','int(1)','checkbox',0,0,0,'','',0,0,0,'is Created','Has this entry been created?','',''),(109,24,-1,'statevar_isUpdated','BOOL: has the state variable definition changed?','BOOL','int(1)','checkbox',0,0,0,'','',0,0,0,'is Updated','Has this entry been updated','',''),(110,25,-1,'daobj_id','Primary Key for this table','INTEGER','int(11)','-',1,0,0,'','',0,0,0,'','','',''),(111,25,17,'module_id','Foreign Key linking this DAObj to a module','INTEGER','int(11)','-',0,1,0,'','',0,1,0,'','','',''),(112,25,-1,'daobj_name','Name of this Data Access Object','STRING','varchar(50)','textbox',0,0,0,'','',1,0,0,'Name','Enter the name','',''),(113,25,-1,'daobj_desc','Decription of this Data Access Object','STRING','text','textarea',0,0,0,'','',0,0,0,'Description','Enter a description','',''),(114,25,-1,'daobj_dbTableName','Name of the database table this data access object manages','STRING','varchar(100)','textbox',0,0,0,'','',0,0,0,'DB Table','Enter the DB table','',''),(115,25,-1,'daobj_managerInitVarID','The ID of the state variable that initializes the Row Manager object.','INTEGER','int(11)','droplist',0,0,0,'','',0,0,0,'Row Manager Init','Select the state variable used to create a Row manager','',''),(116,25,-1,'daobj_listInitVarID','The ID of the state variable that initializes the list manager object','INTEGER','int(11)','droplist',0,0,0,'','',0,0,0,'List manager Init','Select the state variable used to create a List Iterator','',''),(117,25,-1,'daobj_isCreated','BOOL: has this entry already been created?','BOOL','int(1)','checkbox',0,0,0,'','',0,0,0,'is Created?','Has this entry been created?','',''),(118,25,-1,'daobj_isUpdated','BOOL: has this entry been updated?','BOOL','int(1)','checkbox',0,0,0,'','',0,0,0,'is Updated?','Has this entry been updated?','',''),(119,26,-1,'dafield_id','Primary key for this table','INTEGER','int(11)','-',1,0,0,'','',0,0,0,'','','',''),(120,26,22,'daobj_id','Foreign Key linking this field to a data access object','INTEGER','int(11)','-',0,1,0,'','',0,1,0,'','','',''),(121,26,-1,'statevar_id','Foreign Key linking this field to a state variable (useful for foreign keys to know how to pass in the proper data)','INTEGER','int(11)','droplist',0,0,0,'-1','',0,0,0,'StateVar','If this is a foreign Key, select a statevar that is connected to it (if any)','',''),(122,26,-1,'dafield_name','Name of this field (DB Table Column format)','STRING','varchar(50)','textbox',0,0,0,'','',1,0,0,'Name','Enter the name','',''),(123,26,-1,'dafield_desc','Description of this field','STRING','text','textarea',0,0,0,'','',0,0,0,'Description','Describe this field','',''),(124,26,-1,'dafield_type','The type of value this field represents (STRING, INTEGER, DATE, BOOLEAN)','STRING','varchar(50)','droplist',0,0,0,'','',0,0,0,'Var Type','Select the variable type','',''),(125,26,-1,'dafield_dbType','The type of table column in the DB','STRING','varchar(50)','droplist',0,0,0,'','',0,0,0,'DB Field Type','Select the DB field type','',''),(126,26,-1,'dafield_formFieldType','The type of Form Field used to enter this data on a form (textbox, textarea, etc...)','STRING','varchar(50)','droplist',0,0,0,'','',0,0,0,'Form Type','Select the Form Field type','',''),(127,26,-1,'dafield_isPrimaryKey','BOOL: is this field a primary key for the table?','BOOL','int(1)','checkbox',0,0,0,'','',0,0,0,'Primary Key?','Is this field the primary key?','',''),(128,26,-1,'dafield_isForeignKey','BOOL: is this field a foreign key to another table?','BOOL','int(1)','checkbox',0,0,0,'','',0,0,0,'Foreign Key?','is this field a foreign key? <br><span class=\"smalltext\">(true only if value is REQUIRED)</span>','',''),(129,26,-1,'dafield_isNullable','BOOL: can this field be NULL?','BOOL','int(1)','checkbox',0,0,0,'','',0,0,0,'Nullable?','Can this field be NULL?','',''),(130,26,-1,'dafield_default','The default value for this field','STRING','varchar(50)','textbox',0,0,0,'','',0,0,0,'Default','Enter a default value','',''),(131,26,-1,'dafield_invalidValue','The value returned from a form that would be invalid for this field. (leaving blank = \"\", putting \"<skip>\" means accept any value)','STRING','varchar(50)','textbox',0,0,0,'','',0,0,0,'Invalid','Enter an Invalid Value<br><span class=\"smalltext\">(this refers to values returned from the form item)</span>','',''),(132,26,-1,'dafield_isLabelName','BOOL: is this field used for displaying the Row\'s label (form Grid row labels, drop list labels, etc...)','BOOL','int(1)','checkbox',0,0,0,'','',0,0,0,'Label?','Should this field be used for this table\'s label?<br><span class=\"smalltext\">(Form Grid Row Labels, Drop List labels, etc...)</span>','',''),(133,26,-1,'dafield_isListInit','BOOL: is this the field used to initialize the List Manager object?','BOOL','int(1)','checkbox',0,0,0,'','',0,0,0,'ListInit?','Is this field used to initialize it\'s List Iterator object','',''),(134,27,-1,'page_id','Primary Key for this table','INTEGER','int(11)','-',1,0,0,'','',0,0,0,'','','',''),(135,27,17,'module_id','Foreign Key linking this page to a module','INTEGER','int(11)','-',0,1,0,'','',0,1,0,'','','',''),(136,27,-1,'page_name','Name of this page','STRING','varchar(50)','textbox',0,0,0,'','',1,0,0,'Name','Enter the page Name','',''),(137,27,-1,'page_desc','Description of this page','STRING','text','textarea',0,0,0,'','',0,0,0,'Desc','Describe this page','',''),(138,27,-1,'page_type','The type of page this is (AdminBox, DataList, Single Entry Form, etc...)','STRING','varchar(5)','droplist',0,0,0,'','-',0,0,0,'Type','Select the page type','',''),(139,27,-1,'page_isAdd','BOOL: is this page an ADD type of form','BOOL','int(1)','checkbox',0,0,0,'','',0,0,0,'is Add?','Is this page an Add type of form?','',''),(140,27,-1,'page_rowMgrID','The ID of the Data Access Object used to manage the form data.','INTEGER','int(11)','droplist',0,0,0,'','-',0,0,0,'Form Manager','Select the DAObj used for Form data','',''),(141,27,-1,'page_listMgrID','ID of the Data Access Object used to manage the list information on this page.','INTEGER','int(11)','droplist',0,0,0,'','',0,0,0,'List Manager','Select the DAObj used for the list data','',''),(142,27,-1,'page_isCreated','BOOL: has this page already been created?','BOOL','int(1)','checkbox',0,0,0,'','',0,0,0,'Created?','Has this page been created?','',''),(143,27,-1,'page_isDefault','BOOL: is this page the default page in the module?','BOOL','int(1)','checkbox',0,0,0,'','',0,0,0,'Default?','Is this page the default page in the module?','',''),(144,28,-1,'pagefield_id','Primary Key for this table','INTEGER','int(11)','-',1,0,0,'','',0,0,0,'','','',''),(145,28,24,'page_id','Foreign Key linking this field to a page','INTEGER','int(11)','-',0,1,0,'','',0,1,0,'','','',''),(146,28,-1,'daobj_id','Links this field back to it\'s Data Access object','INTEGER','int(11)','-',0,0,0,'','',0,0,0,'','','',''),(147,28,-1,'dafield_id','links this field back to the Data Access Field ','INTEGER','int(11)','-',0,0,0,'','',0,0,0,'','','',''),(148,28,-1,'pagefield_isForm','BOOL: is this field related to the form manager (1) or list manager (0)','BOOL','int(1)','checkbox',0,0,0,'','',0,0,0,'','','',''),(149,29,-1,'pagelabel_id','Primary Key for this field','INTEGER','int(11)','-',1,0,0,'','',0,0,0,'','','',''),(150,29,24,'page_id','Foreign key linking this label to a page','INTEGER','int(11)','-',0,1,0,'','',0,1,0,'','','',''),(151,29,-1,'pagelabel_key','The multilingual key lookup value for this label.','STRING','varchar(50)','textbox',0,0,0,'','',1,0,0,'Key','Enter the lookup key','',''),(152,29,-1,'pagelabel_label','The multilingual label value for this label','STRING','text','textarea',0,0,0,'','',0,0,0,'Label','Enter the label text','',''),(153,29,-1,'language_id','The foreign key linking this label to a site language.','INTEGER','int(11)','droplist',0,0,0,'','',0,0,0,'Language','Select the language','',''),(154,29,-1,'pagelabel_isCreated','BOOL: has this label already been created?','BOOL','int(1)','checkbox',0,0,0,'','',0,0,0,'Created?','Has this label been created?','',''),(155,30,-1,'transition_id','Primary Key for this table','INTEGER','int(11)','-',1,0,0,'','',0,0,0,'','','',''),(156,30,17,'module_id','Foreign Key linking this transition to a module','INTEGER','int(11)','-',0,1,0,'','',0,1,0,'','','',''),(157,30,-1,'transition_fromObjID','ID of the page that the transition is coming FROM','INTEGER','int(11)','droplist',0,0,0,'','',0,0,0,'Page From','Selecte the page the transition is moving away from','',''),(158,30,-1,'transition_toObjID','ID of the page this transition is moving TO','INTEGER','int(11)','droplist',0,0,0,'','',0,0,0,'Page To','Select the page the transition is moving to','',''),(159,30,-1,'transition_type','Type of transition (form, edit, delete, add, etc...)','STRING','varchar(10)','droplist',0,0,0,'','',0,0,0,'Type','Select the type of transition','',''),(160,30,-1,'transition_isCreated','BOOL: has this transition already been processed?','BOOL','int(1)','checkbox',0,0,0,'','',0,0,0,'Created?','Is Created?','',''),(161,26,-1,'dafield_isCreated','BOOL: has this entry already been created?','BOOL','int(1)','checkbox',0,0,0,'','',0,0,0,'Created?','Has this field already been created?','',''),(162,26,-1,'dafield_title','The label used for Titles for this field.','STRING','text','textbox',0,0,0,'','',0,0,0,'Title','Enter the text for a title','',''),(163,26,-1,'dafield_formLabel','The text to use for Form Labels when entering data for this field in a form.','STRING','text','textbox',0,0,0,'','',0,0,0,'Form Label','Enter the text for a form label','',''),(164,26,-1,'dafield_example','The text to use when displaying an example for this field\'s form item.','STRING','text','textbox',0,0,0,'','',0,0,0,'Example','Enter the text for an example','',''),(165,26,-1,'dafield_error','The text to use when displaying this field\'s error message','STRING','text','textbox',0,0,0,'','',0,0,0,'Error','Enter the text for an error','',''),(166,31,-1,'salarycalcreq_id','Primary Key for this field','INTEGER','int(11)','-',1,0,0,'','',0,0,0,'','','',''),(167,31,13,'nssren_id','foreign key to the NSS Ren who made the request','INTEGER','int(11)','-',0,1,0,'','',0,1,0,'','','',''),(168,31,-1,'salarycalcreq_date','Date of the request','DATE','date','-',0,0,0,'','',0,0,0,'date','','',''),(169,31,-1,'salarycalcreq_reqSalary','Requested Salary amount','INTEGER','int(4)','textbox',0,0,0,'','',0,0,0,'Salary','Enter the requested Salary','',''),(170,31,-1,'salarycalcreq_adjHouse','Housing Adjustment','INTEGER','int(4)','textbox',0,0,0,'','',0,0,0,'Housing','Enter the Housing allowance','',''),(171,31,-1,'salarycalcreq_adjUtil','Utility Adjustment amount','INTEGER','int(4)','textbox',0,0,0,'','',0,0,0,'Utilities','Enter the Utilities allowance','',''),(172,31,-1,'salarycalcreq_adjMedical','Medical Adjustment amount','INTEGER','int(4)','textbox',0,0,0,'','',0,0,0,'Medical','Enter the Medical allowance','',''),(173,31,-1,'salarycalcreq_adjOther','Other Adjustment Request','INTEGER','int(4)','textbox',0,0,0,'','',0,0,0,'Other','Enter any Other Allowance','',''),(174,31,-1,'salarycalcreq_status','Status of the request','STRING','varchar(10)','droplist',0,0,0,'','',0,1,0,'Status','Select the status','',''),(175,31,-1,'salarycalcreq_reply','Textual Reply used to inform a user why their request was rejected','STRING','text','textarea',0,0,0,'','',0,0,0,'Reply','Enter a message','',''),(176,32,-1,'nssglobal_id','Primary Key','INTEGER','int(11)','-',1,0,0,'','',0,0,0,'','','',''),(177,32,-1,'nssglobal_baseSalaryCap','The Base Salary Cap for all NS','INTEGER','int(4)','textbox',0,0,0,'','',0,0,0,'base Salary','Enter the base salary value','',''),(178,33,-1,'nssagemult_id','Primary Key','INTEGER','int(11)','-',1,0,0,'','',0,0,0,'','','',''),(179,33,-1,'nssagemult_numMonths','Maximum age of person (as # months) for this entry.','INTEGER','int(1)','textbox',0,0,0,'','',0,0,0,'Age (# months)','Enter the Age (# months)','',''),(180,33,-1,'nssagemult_multiplier','The coefficient multiplier for this age group','INTEGER','int(1)','textbox',0,0,0,'','',0,0,0,'Multiplier','Enter the Coefficient Multiplier','',''),(181,34,-1,'tenuremult_id','Primary Key','INTEGER','int(11)','-',1,0,0,'','',0,0,0,'','','',''),(182,34,-1,'tenuremult_numMonths','The amount of time (in # Months) a person has been on staff.','INTEGER','int(2)','textbox',0,0,0,'','',0,0,0,'Time (# Months) ','Enter the tenure duration','',''),(183,34,-1,'tenuremult_multiplier','The Coefficient multiplier for this tenure entry','INTEGER','int(2)','textbox',0,0,0,'','',0,0,0,'Multiplier','Enter the multiplier','',''),(184,35,-1,'movie_id','The Primary Key for this table','INTEGER','int(11)','-',1,0,0,'','',0,0,0,'','','',''),(185,35,-1,'movie_title','The Title of the movie we are reviewing','STRING','varchar(50)','textbox',0,0,0,'','',1,0,0,'Title','Enter the movie title','',''),(186,35,-1,'movie_rating','The rating of this movie.  \r\n0 - Don\'t bother. \r\n...\r\n5 - Must See','INTEGER','int(1)','droplist',0,0,0,'0','',0,0,0,'Rating','Select the movie rating','',''),(187,35,-1,'movie_review','What Joshua thinks of this movie','STRING','text','textarea',0,0,0,'','',0,0,0,'Comments','Enter any comments about this movie','',''),(188,35,36,'genre_id','Foreign Key linking a movie to a genre','INTEGER','int(11)','droplist',0,1,0,'','',0,0,0,'Genre','Select the genre','',''),(189,36,-1,'genre_id','The Primary Key for this table','INTEGER','int(11)','-',1,0,0,'','',0,0,0,'','','',''),(190,36,-1,'genre_title','The name of the genre','STRING','varchar(50)','textbox',0,0,0,'','',1,0,0,'Name','Enter the genre name','',''),(191,37,-1,'reimbset_id','Primary Key','INTEGER','int(11)','-',1,0,0,'','',0,0,0,'','','',''),(192,37,-1,'reimbset_acctBalance','The user\'s current account Balance ','INTEGER','int(4)','textbox',0,0,0,'','',0,0,0,'Account Balance','Enter your current Account Balance','',''),(193,37,-1,'reimbset_requestDate','The date of the Reimbursement Request','DATE','date','datepicker',0,0,0,'0000-00-00','',0,0,0,'Date Requested','Enter the Date','',''),(194,37,-1,'reimbset_desc','Description of this reimbursement','STRING','text','textarea',0,0,0,'','',1,0,0,'Description','Enter Description','',''),(195,37,13,'nssren_id','Foreign Key linking a reimbursement to a NS in the system.','INTEGER','int(11)','-',0,1,0,'','',0,1,0,'NS Staff','','',''),(196,37,-1,'reimbset_status','The current status of the reimbursement. Draft, PendingApproval, Approved, Paid, NotPaid, Posted.','STRING','varchar(20)','droplist',0,0,0,'Draft','',0,1,0,'Status','Select Status','',''),(197,38,-1,'reimbreceipt_id','The id of the reimbursement receipt','INTEGER','int(11)','-',1,0,0,'','',0,0,0,'','','',''),(198,38,37,'reimbset_id','Foreign key that links a reimbursement receipt to a reimbursement set','INTEGER','int(11)','-',0,1,0,'','',0,1,0,'Reimbursement Set','','',''),(199,38,-1,'reimbreceipt_date','Date of a reimbursement receipt','DATE','date','datepicker',0,0,0,'0000-00-00','',0,0,0,'Date','Enter Date of Receipt','',''),(200,38,-1,'reimbreceipt_amt','Amount of reimbursement for a particular receipt','INTEGER','int(4)','textbox',0,0,0,'','',0,0,0,'Amount','Enter Amount ','',''),(201,38,-1,'reimbreceipt_desc','Description of a reimbursement receipt','STRING','text','textarea',0,0,0,'','',0,0,0,'Description','Enter Description','',''),(202,38,-1,'reimbcategory_id','The category this receipt falls under','INTEGER','int(11)','droplist',0,0,0,'','',0,0,0,'Category','Select Category','',''),(203,38,-1,'reimbreceipt_isApproved','Indicates if a receipt is Approved or not approved','BOOL','int(1)','checkbox',0,0,0,'','',0,0,0,'Approved','Is This Approved?','',''),(204,38,-1,'reimbreceipt_disReason','Reason for disapproving a reimbursement receipt','STRING','text','textarea',0,0,0,'','',0,0,0,'Reason for Disapproval','Enter Reason for Disapproval','',''),(205,38,-1,'reimbreceipt_receiptNum','Ordering number of the receipts','INTEGER','int(4)','textbox',0,0,0,'','',0,0,0,'Receipt Number','Enter Receipt Number','',''),(206,39,-1,'reimbcategory_id','Id field for reimbursement categories','INTEGER','int(11)','-',1,0,0,'','',0,0,0,'','','',''),(207,39,-1,'reimbcategory_key','The multilingual lookup key for the category name ','STRING','varchar(20)','textbox',0,0,0,'','',0,0,0,'Category','Enter Category Name','',''),(208,39,-1,'reimbcategory_descKey','The multilingual lookup key for the category description','STRING','text','textarea',0,0,0,'','',0,0,0,'Description','Enter Category Description','',''),(209,40,-1,'salaryadvance_id','Primary Key','INTEGER','int(11)','-',1,0,0,'','',0,0,0,'','','',''),(210,40,-1,'reimbset_id','Links this Salary Advance to a Reimbursement to clear it.','INTEGER','int(11)','-',0,0,0,'','',0,0,0,'','','',''),(211,40,-1,'salaryadvance_amount','The amount of the salary advance','INTEGER','int(4)','textbox',0,0,0,'','',0,0,0,'Amount','Enter Amount','',''),(212,40,-1,'salaryadvance_desc','Description of the salary advance','STRING','varchar(75)','textbox',0,0,0,'','',0,0,0,'Name','Enter Name','',''),(213,40,-1,'salaryadvance_status','Status of a salary advance, \'Draft\', \'Approved\', \'Paid\', \'Cleared\', ','STRING','varchar(20)','droplist',0,0,0,'','',0,0,0,'Status','Select Status','',''),(214,40,-1,'salaryadvance_datePaid','Date of payment of a salary advance','DATE','date','-',0,0,0,'0000-00-00','',0,0,0,'Date Paid','Select Date Paid','',''),(215,40,-1,'salaryadvance_dateCleared','Date that a salary advance is cleared','DATE','date','-',0,0,0,'0000-00-00','',0,0,0,'Date Cleared','Select Date Cleared','',''),(216,40,13,'nssren_id','The id of the staff that was paid the advance','INTEGER','int(11)','-',0,1,0,'','',0,0,0,'','','',''),(217,41,-1,'fiscalcutoff_id','The id that uniquely identifies a cut off period specified by a particular entry in the table','INTEGER','int(11)','label',1,0,0,'','',0,0,0,'Cut-Off ID','Cut-Off ID','',''),(218,41,-1,'fiscalcutoff_date','The end date of a particular cutoff period. Cut off period includes this day as the last day of the period, and considers the following day after the previous entry\'s enddate as the start date ','DATE','date','datepicker',0,0,0,'','',1,1,0,'Date','Select Date','',''),(219,41,-1,'fiscalcutoff_fiscalyear','Gives a representation of the fiscal year that this entry belongs to by a numerical value. -1 refers to the seed date of the database.','INTEGER','int(6)','droplist',0,0,0,'','',0,0,0,'Fiscal Year','Select Fiscal Year','',''),(220,42,-1,'requestcutoff_id','Unique identifier.','INTEGER','int(11)','-',1,0,0,'','',0,0,0,'','','',''),(221,43,-1,'fiscalyear_id','Unique identifier','INTEGER','int(11)','-',1,0,0,'','',0,0,0,'','','',''),(222,43,-1,'fiscalyear_start','Stores the starting date of a fiscal year.','DATE','date','datepicker',0,0,0,'','',0,0,0,'Start','Select start date.','',''),(223,43,-1,'fiscalyear_end','Stores the date of the end of a fiscal year.','DATE','date','datepicker',0,0,0,'','',0,0,0,'End','Select end date.','',''),(224,42,43,'requestcutoff_year','The fiscal year that this fiscal period is in.','INTEGER','int(6)','textbox',0,1,0,'','',0,1,0,'Fiscal Year','Enter the fiscal year','',''),(225,42,-1,'requestcutoff_period','The fiscal period that this cut-off date entry applies to.  (Should be a value between 1-12).','INTEGER','int(6)','textbox',0,0,0,'','',0,0,0,'Fiscal Period','Enter the fiscal period (1-12)','2',''),(226,42,-1,'requestcutoff_date','The date of the cut-off for requests for a certain fiscal period.','DATE','date','datepicker',0,0,0,'','',0,0,0,'Cut-off Date','Select the cut-off date','2005-06-24',''),(227,44,44,'territory_id','Unique id of the NSC territory','INTEGER','int(11)','-',1,0,0,'','',0,0,0,'','','',''),(228,44,-1,'territory_cola','The COLA for this territory','INTEGER','int()','textbox',0,0,0,'1','',0,1,0,'COLA','COLA','1.7',''),(229,44,-1,'territory_GLCode','The GL code for this territory.','STRING','varchar()','textbox',0,0,0,'','',0,0,0,'GL Code','GL Code','',''),(230,44,-1,'territory_city','The city (from HRDB) that this territory is in.','INTEGER','int()','droplist',0,1,0,'','',0,1,0,'HRDB City','HRDB City','',''),(231,44,-1,'territory_desc','Multilingual textual description of this territory.','STRING','varchar()','textbox',0,0,0,'','',0,0,0,'Description','Description','[TerritoryShanghaiEast]',''),(232,45,-1,'nsc_id','Unique identifier for NSCs','INTEGER','int(11)','textbox',1,0,0,'','',0,0,0,'','','',''),(233,45,-1,'ren_id','The ren id of this NSC','INTEGER','int(11)','droplist',0,1,0,'','',0,0,0,'Person','Person','',''),(234,46,-1,'coverage_id','Unique key.','INTEGER','int(11)','textbox',1,0,0,'','',0,0,0,'','','',''),(235,46,45,'nsc_id','Link to the NSC table','INTEGER','int(11)','droplist',0,1,0,'','',0,1,0,'NSC','NSC','',''),(236,46,44,'territory_id','Link to the NSC territory table.','INTEGER','int(11)','droplist',0,1,0,'','',0,1,0,'Territory','Territory','',''),(237,47,-1,'admin_id','Unique identifier','INTEGER','int(11)','textbox',1,0,0,'','',0,1,0,'Administrator','Administrator','',''),(238,47,47,'ren_id','Ren id of the administrator','INTEGER','int(11)','droplist',0,1,0,'','',0,0,0,'Person','Person','','');
UNLOCK TABLES;
/*!40000 ALTER TABLE `rad_dafield` ENABLE KEYS */;

--
-- Table structure for table `rad_daobj`
--

DROP TABLE IF EXISTS `rad_daobj`;
CREATE TABLE `rad_daobj` (
  `daobj_id` int(11) NOT NULL auto_increment,
  `module_id` int(11) NOT NULL default '0',
  `daobj_name` varchar(50) NOT NULL default '',
  `daobj_desc` text NOT NULL,
  `daobj_dbTableName` varchar(100) NOT NULL default '',
  `daobj_managerInitVarID` int(11) NOT NULL default '0',
  `daobj_listInitVarID` int(11) NOT NULL default '0',
  `daobj_isCreated` int(1) NOT NULL default '0',
  `daobj_isUpdated` int(1) NOT NULL default '0',
  PRIMARY KEY  (`daobj_id`),
  KEY `module_id` (`module_id`)
) TYPE=MyISAM;

--
-- Dumping data for table `rad_daobj`
--


/*!40000 ALTER TABLE `rad_daobj` DISABLE KEYS */;
LOCK TABLES `rad_daobj` WRITE;
INSERT INTO `rad_daobj` VALUES (1,1,'Address','This table manages all Ric\'s contacts','addressbook_addressmanager_address',1,-1,0,0),(2,2,'NavBarGroup','Divides the NavBar into seperate Groups.  Links on the NavBar are under these groups.','navbar_navbargroupmanager_navbargroup',2,-1,0,0),(3,2,'NavBarLinks','Manages the actual links on the NavBar','navbar_navbarlinksmanager_navbarlinks',3,2,0,0),(4,2,'NavLinkAccessGroup','This table joins which nav bar links are displayed for which site access group.','navbar_navlinkaccessgroupmanager_navlinkaccessgrou',-1,3,0,0),(5,2,'NavLinkViewer','Manages relationships between links and individual Viewers on the site.','navbar_navlinkviewermanager_navlinkviewer',-1,3,0,0),(6,2,'NavBarCache','Stores the generated nav bar information for a user.','navbar_navbarcachemanager_navbarcache',-1,-1,0,0),(7,2,'NavBarContentData','Holds the multilingual content (labels) for the nav bar information.','navbar_navbarcontentdatamanager_navbarcontentdata',-1,-1,0,0),(8,2,'NavBarXlate','Holds the \"needs to be Translated\" information for the content data.','navbar_navbarxlatemanager_navbarxlate',-1,-1,0,0),(9,3,'Viewer','This table tracks the viewer\'s account (user id, pword, etc...)','accountadmin_viewer',7,6,0,0),(10,3,'AccountGroup','Organizes the viewer (login accounts) into different groups for easier management.','accountadmin_accountgroup',6,-1,0,0),(11,3,'AccessCategory','Organizes the access groups into categories for easier management.','accountadmin_accesscategory',8,-1,0,0),(12,3,'AccessGroup','Defines an access group for the site.  Different site links (and resources) are assoicated with different account Groups. ','accountadmin_accessgroup',9,8,0,0),(13,3,'Language','Defines the valid languages for display in the site.','accountadmin_language',10,-1,0,0),(14,3,'ViewerAccessGroup','Links a Viewer to an Access Group.','accountadmin_vieweraccessgroup',-1,-1,0,0),(18,5,'nssAccessPriv','defines the access rights of the viewer in the payroll system','nsspayroll_nssaccesspriv',0,0,1,0),(15,3,'AccountAdminAccess','Manages Access Priviledges for the Account Admin system.','accountadmin_accountadminaccess',-1,-1,0,0),(16,4,'Episodes','Tracks the current episode','twentyfour_episodes',12,11,1,0),(17,4,'Season','Tracks the seasons of 24','twentyfour_season',11,-1,1,0),(19,5,'NssRen','defines the salary amount and salary cap of every NS staff in this system','nsspayroll_nssren',13,-1,1,0),(20,5,'PayrollAdjustments','tracks the allowances and deductions for a given NS in a month','nsspayroll_payrolladjustments',15,13,1,0),(21,5,'NssTransactions','Holds the final monthly amount paid for every Ren','nsspayroll_nsstransactions',-1,13,1,0),(22,5,'NssAdjustmentReason','Tracks a list of standard reasons for an Adjustment','nsspayroll_nssadjustmentreason',16,-1,1,0),(23,6,'Module','Tracks the modules being managed by the RAD Tools','rad_module',17,-1,0,0),(24,6,'StateVar','Manages the state variables used to track the state of this module','rad_statevar',18,17,0,0),(25,6,'DAObj','Manages the Data Access Objects for this module.','rad_daobj',22,17,0,0),(26,6,'DAField','Tracks each field that is part of a Data Access Object','rad_dafield',23,22,0,0),(27,6,'Page','Manages all the pages related to a module','rad_page',24,17,0,0),(28,6,'PageField','links a page to the DA Obj fields it uses.','rad_pagefield',-1,24,0,0),(29,6,'PageLabels','Tracks any additional labels needed by a page.','rad_pagelabels',25,24,0,0),(30,6,'Transitions','Tracks the standard transitions between pages','rad_transitions',26,17,0,0),(31,5,'SalaryCalcReq','Manages the progress of a User\'s Salary Calculation Request','nsspayroll_salarycalcreq',34,13,1,0),(32,5,'Globals','Holds global data items for the NSS system','nsspayroll_globals',0,0,1,0),(33,5,'AgeMultiplier','Tracks the values for calculating the Age multiplier for an individual\'s salary cap calculation','nsspayroll_agemultiplier',0,0,1,0),(34,5,'TenureMultiplier','Manages the Tenure Coefficient Multipler data','nsspayroll_tenuremultiplier',33,0,1,0),(35,7,'movie','This table manages the movies we have already reviewed','moviecritic_movie',35,0,1,0),(36,7,'genre','Tracks the available genre types for our movie reviews.','moviecritic_genre',36,0,1,0),(37,5,'ReimbSet','Manages the reimbursement data.  This defines a set of receipts that makes up a reimbursement.','nsspayroll_reimbset',37,13,1,0),(38,5,'ReimbReceipts','Individual receipts that make up a reimbursement set.','nsspayroll_reimbreceipts',38,37,1,0),(39,5,'ReimbCategory','Reimbursement categories','nsspayroll_reimbcategory',0,0,1,0),(40,5,'SalaryAdvance','This object manages the salary advances for a particular staff','nsspayroll_salaryadvance',39,13,1,0),(41,5,'FiscalCutOff','Manages the table that keeps track of the cut off dates for GL updating and report printing. Also keeps track of the period of a fiscal year','nsspayroll_fiscalcutoff',0,0,1,0),(42,5,'RequestCutOff','Stores information related to the cut-off dates for salary requests.','nsspayroll_requestcutoff',42,43,1,0),(43,5,'FiscalYear','Stores information related to the current fiscal year.','nsspayroll_fiscalyear',43,0,1,0),(44,5,'NSC_Territory','Accesses information related to NSC territories','nsspayroll_nsc_territory',44,0,1,0),(45,5,'NSC','Information related to a NSC','nsspayroll_nsc',45,45,1,0),(46,5,'TerritoryCoverage','Manages which NSC covers which territories.','nsspayroll_territorycoverage',44,44,1,0),(47,5,'Administrator','Keeps track of administrators for this system.','nsspayroll_administrator',47,47,1,0);
UNLOCK TABLES;
/*!40000 ALTER TABLE `rad_daobj` ENABLE KEYS */;

--
-- Table structure for table `rad_module`
--

DROP TABLE IF EXISTS `rad_module`;
CREATE TABLE `rad_module` (
  `module_id` int(11) NOT NULL auto_increment,
  `module_name` varchar(50) NOT NULL default '',
  `module_desc` text NOT NULL,
  `module_creatorName` varchar(50) NOT NULL default '',
  `module_isCommonLook` int(1) NOT NULL default '0',
  `module_isCore` int(1) NOT NULL default '0',
  `module_isCreated` int(1) NOT NULL default '0',
  `module_isUpdated` int(1) NOT NULL default '0',
  PRIMARY KEY  (`module_id`)
) TYPE=MyISAM;

--
-- Dumping data for table `rad_module`
--


/*!40000 ALTER TABLE `rad_module` DISABLE KEYS */;
LOCK TABLES `rad_module` WRITE;
INSERT INTO `rad_module` VALUES (1,'AddressBook','This module allows Ric to manage all his important people.','Ric Poolman',0,1,0,0),(2,'NavBar','This module manages the navbar information for the site.','Johnny Hausman',0,1,0,0),(3,'AccountAdmin','This module manages the Web Site\'s login accounts and access priviledges.','Johnny Hausman',0,1,0,0),(4,'TwentyFour','Tracks the latest episodes of our favorite High adrenaline TV show ...','Rick Destree',0,0,1,0),(5,'NSSPayRoll','This module manages the national staff payroll','Johnny Hausman/David Cheong/Joshua Ho',0,0,1,0),(6,'RAD','This is a Rapid Application Development Tool application that helps us develope Web Applications using our new framework.','Johnny Hausman',0,1,0,0),(7,'MovieCritic','This module manages Joshua\'s Movie watching and review journal.','Joshua Ho',0,0,1,0);
UNLOCK TABLES;
/*!40000 ALTER TABLE `rad_module` ENABLE KEYS */;

--
-- Table structure for table `rad_page`
--

DROP TABLE IF EXISTS `rad_page`;
CREATE TABLE `rad_page` (
  `page_id` int(11) NOT NULL auto_increment,
  `module_id` int(11) NOT NULL default '0',
  `page_name` varchar(50) NOT NULL default '',
  `page_desc` text NOT NULL,
  `page_type` varchar(5) NOT NULL default '',
  `page_isAdd` int(1) NOT NULL default '0',
  `page_rowMgrID` int(11) NOT NULL default '0',
  `page_listMgrID` int(11) NOT NULL default '0',
  `page_isCreated` int(1) NOT NULL default '0',
  `page_isDefault` int(1) NOT NULL default '0',
  PRIMARY KEY  (`page_id`)
) TYPE=MyISAM;

--
-- Dumping data for table `rad_page`
--


/*!40000 ALTER TABLE `rad_page` DISABLE KEYS */;
LOCK TABLES `rad_page` WRITE;
INSERT INTO `rad_page` VALUES (2,1,'ViewAddress','Displays a list of all the currently available contacts.','DLT',0,0,1,0,1),(4,1,'AddAddress','Enters a new Address into the system','FS',1,1,0,0,0),(5,1,'EditAddress','Edits a given Address','FS',0,1,0,0,0),(7,1,'DeleteAddress','Removes an address from the system.','DelC',0,0,1,0,0),(8,1,'AdminView','Provides an Administrative View of this table.','AB',0,1,1,0,0),(9,2,'GroupList','List of all the groups in the NavBar','AB',0,2,2,0,1),(10,2,'LinkList','Displays a list of links for the given Group.','AB',0,3,3,0,0),(11,2,'LinkGroups','Establishes a relationship between the current link and a Site defined Access Group.','AB',0,4,4,0,0),(12,2,'LinkViewer','Associates this link with a registered user id on the site.','AB',0,5,5,0,0),(13,3,'AccountList','Displays the current accounts on the system.','DLT',0,0,9,0,1),(14,3,'AddViewer','Adds a new account to the web site.','FS',1,9,0,0,0),(15,3,'EditViewer','Edits a viewers account information.','FS',0,9,0,0,0),(16,3,'EditPassword','Modifies an account\'s password.','FS',0,9,0,0,0),(17,3,'DeleteViewer','Removes an account from the site.','DelC',0,0,9,0,0),(18,3,'AccessCategories','Organizes the access groups into different categories.','AB',0,11,11,0,0),(19,3,'AccessGroup','Enters the access groups for the site.','AB',0,12,12,0,0),(20,3,'LanguageList','Manages the languages this site operates in.','AB',0,13,13,0,0),(21,3,'AccountAccess','Manages a viewers access groups to the site.','AB',0,12,12,0,0),(22,4,'SeasonList','Displays all seasons available ','AB',0,17,17,1,1),(23,4,'EpisodeList','Displays all the episodes for a selected season.','DLT',0,0,16,1,0),(24,4,'AddEpisode','Adds an episode to a season','FS',1,16,0,1,0),(25,4,'EditEpisode','Edit an episode','FS',0,16,0,1,0),(26,4,'DeleteEpisode','Deletes an episode','DelC',0,16,16,1,0),(27,5,'NSS','This is the entry portal page for the National Staff Services page.','DLT',0,0,19,1,1),(28,5,'NSPayrollRequest','Allows a National Staff to request a salary adjustment for the current month.','AB',0,20,20,1,0),(29,5,'NSSAdmin','An administrative interface into the National Staff Services System','DLT',0,0,19,1,0),(30,5,'PayrollViewRen','Displays the list of Ren in the payroll system.','DLT',0,0,19,1,0),(31,5,'PayrollAddRen','Adds a user into the payroll system.','FS',1,19,0,1,0),(32,5,'PayrollDeleteRen','Removes a person from the payroll system.','DelC',0,19,0,1,0),(33,5,'PayrollEditRen','Allows us to edit the payroll information for a given person.','FS',0,19,0,1,0),(34,5,'PayrollViewAdjustment','Allows you to view (and add) a payroll adjustment for a particular person.','AB',0,20,20,1,0),(35,5,'PayrollRequestApproval','Allows an administrator to review and approve/reject a payroll adjustment.','FG',0,20,20,1,0),(36,5,'PayrollEditAdjustmentReasons','Allows an administrator to add or remove a reason category for the payroll adjustments.','AB',0,22,22,1,0),(37,5,'PayrollAdminPriv','Allows an administrator to grant other users administrative priviledges.','AB',0,18,18,1,0),(38,5,'PayrollReport','Allows an administrator to view and generate payroll reports.','AB',0,19,19,1,0),(39,6,'ModuleList','Displays the list of modules currently in the system.','DLT',0,0,23,0,1),(40,6,'AddModule','Adds a new module to the RAD tool','FS',1,23,0,0,0),(41,6,'ViewModule','Displays an overview of the module information and allows you to create it.','DLT',0,0,23,0,0),(42,6,'AddStateVar','Administers the State Variable Information','AB',0,24,24,0,0),(43,6,'DAObjList','Displays the list of Data Access object for this module','DLT',0,0,25,0,0),(44,6,'AddDAObj','Adds a Data Access Object to a module','FS',1,25,0,0,0),(45,6,'EditDAObj','Edits a given Data Access Object definition','FS',0,25,0,0,0),(46,6,'AddDAFields','Adds Field definitions to a Data Access Object','FSDLT',0,26,26,0,0),(47,6,'AddFieldLabels','Allows you to attach specific labels to each field for use in displaying Titles, Form labels, examples, etc..','FG',0,26,26,0,0),(48,6,'ViewPages','Displays the list of pages entered into this module','DLT',0,0,27,0,0),(49,6,'AddPage','Add a new page description to this module','FS',1,27,0,0,0),(50,6,'EditPage','Edits a selected page\'s information for this module','FS',0,27,0,0,0),(51,6,'AddPageFields','Allows you to select which Data Access Object Fields are used on a page.','DLT',0,28,28,0,0),(52,6,'AddPageLabels','Tracks multilingual labels for use on a page.','AB',0,29,29,0,0),(53,6,'Transitions','Manages the transitions between pages in this module.','AB',0,30,30,0,0),(54,6,'EditModule','Edits the module information','FS',0,23,0,0,0),(55,6,'DeleteModule','Removes a Module and it\'s supporting data from the DB.','DelC',0,23,23,0,0),(56,6,'DeleteDAObj','Removes a Data Access Object from this module','DelC',0,25,0,0,0),(57,6,'DeletePage','Removes a Page from a module.','DelC',0,27,0,0,0),(58,5,'NewBaseSalary','Allows a user to enter the calculations so that they can update their salary ','FS',1,31,0,1,0),(59,5,'SalarySummary','Displays the summary of the salary request they just made.','DLS',0,0,31,1,0),(60,5,'ApproveSalaryRequest','Approves the Salary Request.','FS',0,31,0,1,0),(61,5,'AgeMultiplier','Enters the Age Coeficient Multiplier','AB',0,33,33,1,0),(62,5,'TenureMultiplier','Enters the Tenure Multiplier data','AB',0,34,34,1,0),(63,5,'ColaCity','Manages the City Cost Of Living Adjustment (COLA) info.','AB',0,0,0,1,0),(64,5,'ColaAssignment','Manages the Cost Of Living Adjustment (COLA) for a specific Assignment.','AB',0,0,0,1,0),(65,7,'movieRatings','Displays the opening page for our Movie Rating Module.','DLT',0,0,35,1,1),(66,7,'addMovie','Add a new movie entry to the system.','FS',1,35,0,1,0),(67,7,'editMovie','Edit an existing Movie entry','FS',0,35,0,1,0),(68,7,'deleteMovie','Delete this movie','DelC',0,35,35,1,0),(69,7,'manageGenre','Manages the Genre table.','AB',0,36,36,1,0),(70,5,'makeReimb','NS makes a reimbursement set request','FS',1,37,0,1,0),(71,5,'enterReceipts','NS enters line items for the reimbursement set','AB',0,38,38,1,0),(72,5,'advanceNotice','This page notify that NS has an outstanding advance.','Other',0,0,0,1,0),(73,5,'advanceClear','This page shows that the reimbursement amoutt is greater or equal to the outstanding advance and prompt to clear advance.','Other',0,0,0,1,0),(74,5,'summaryConfirm','This page gives an overall summary of this reimbursement requested.','DelC',0,0,37,1,0),(75,5,'generateReimbPDF','Generate the reimbursement PDF','Other',0,0,0,1,0),(76,7,'customPage','Example Custom Page','Other',0,0,0,1,0),(77,5,'SalaryCalcStatus','Generates a Salary Calculation status segment','DLT',0,0,31,1,0),(78,5,'editReImb','Page to edit a reimbursement','FS',0,37,0,1,0),(79,5,'deleteReImb','Delete a reimbursement set','DelC',0,37,0,1,0),(80,5,'UpdateBaseSalary','Updates the Base Salary for the staff','FS',0,32,0,1,0),(81,5,'NssNSC','The portal page for the NSC','Other',0,0,0,1,0),(82,5,'NscPayrollReport','This page is for an NSC to view and generate payroll reports for the staff they manage.','FS',0,19,0,1,0),(83,5,'RequestStatusDisplay','This is the request status display segment of the NSS admin payroll page ','DLT',0,0,20,1,0),(84,5,'ManageCutOff','Manages the cut off periods and which fiscal year a period belongs to','AB',1,41,41,1,0),(85,5,'GenXmlExport','Allows the user to select the time period and enter various data along with requesting a generation of an XML export for the time period','FS',0,0,0,1,0),(86,5,'ViewXmlExport','View a summary of the xml data that has been exported','DLT',0,0,0,1,0),(87,5,'DispayCapCal','Displays the salary cap calculation details to the user. ','Other',0,0,0,1,0),(88,5,'ManageFiscalYear','Page for managing the fiscal years.','AB',1,43,43,1,0),(89,5,'ManageRequestCutOffDates','Manages the request cut-off dates for the fiscal periods.','AB',1,42,42,1,0),(90,5,'ManageNSCTerritories','A page to manage and define the NSC territories','AB',1,44,44,1,0),(92,5,'ManageNSC','A page for managing information related to NSCs.','AB',1,45,45,1,0),(96,5,'ChooseTerritory','Choose a territory which will then go to a page where you see all the NSCs and NS in that territory.','FS',0,44,0,1,0),(99,5,'TerritoryCoverage','A page detailing the NS and NSCs assigned to a certain territory.','AB',1,46,46,1,0),(100,5,'ManageAdmin','Manages the administrators in the system.','AB',1,47,47,1,0),(101,5,'TerritoryNS','See all the NS in a particular territory.','DLT',0,0,19,1,0),(102,5,'Configurations','A page of links to various configurations for the system.','Other',0,0,0,1,0);
UNLOCK TABLES;
/*!40000 ALTER TABLE `rad_page` ENABLE KEYS */;

--
-- Table structure for table `rad_pagefield`
--

DROP TABLE IF EXISTS `rad_pagefield`;
CREATE TABLE `rad_pagefield` (
  `pagefield_id` int(11) NOT NULL auto_increment,
  `page_id` int(11) NOT NULL default '0',
  `daobj_id` int(11) NOT NULL default '0',
  `dafield_id` int(11) NOT NULL default '0',
  `pagefield_isForm` int(1) NOT NULL default '0',
  PRIMARY KEY  (`pagefield_id`)
) TYPE=MyISAM;

--
-- Dumping data for table `rad_pagefield`
--


/*!40000 ALTER TABLE `rad_pagefield` DISABLE KEYS */;
LOCK TABLES `rad_pagefield` WRITE;
INSERT INTO `rad_pagefield` VALUES (24,0,0,0,0),(23,0,0,0,0),(22,0,0,0,0),(21,0,0,0,0),(5,2,1,2,0),(6,2,1,3,0),(7,2,1,4,0),(8,2,1,5,0),(9,4,1,2,1),(10,4,1,3,1),(11,4,1,4,1),(12,4,1,5,1),(20,0,0,0,0),(14,5,1,2,1),(15,5,1,3,1),(16,5,1,4,1),(17,5,1,5,1),(19,0,0,0,0),(25,6,1,2,0),(26,7,1,2,0),(27,7,1,3,0),(28,7,1,4,0),(29,7,1,5,0),(30,8,1,2,1),(31,8,1,3,1),(32,8,1,4,1),(33,8,1,2,0),(34,8,1,3,0),(35,8,1,4,0),(36,9,2,7,1),(37,9,2,8,1),(38,9,2,7,0),(39,9,2,8,0),(40,10,3,11,1),(41,10,3,12,1),(42,10,3,13,1),(43,10,3,14,1),(44,10,3,15,1),(45,10,3,11,0),(46,10,3,12,0),(47,10,3,13,0),(48,10,3,14,0),(49,10,3,15,0),(50,11,4,18,1),(51,11,4,18,0),(52,12,5,21,1),(53,12,5,21,0),(54,13,9,38,0),(55,13,9,40,0),(56,13,9,41,0),(57,13,9,42,0),(58,14,9,37,1),(59,14,9,38,1),(60,14,9,39,1),(61,14,9,40,1),(62,14,9,41,1),(63,15,9,38,1),(64,15,9,40,1),(65,15,9,41,1),(66,16,9,39,1),(67,17,9,38,0),(68,17,9,40,0),(69,17,9,41,0),(70,17,9,42,0),(71,18,11,46,1),(72,18,11,46,0),(73,19,12,49,1),(74,19,12,49,0),(75,20,13,51,1),(76,20,13,51,0),(77,21,12,49,1),(78,21,12,49,0),(79,22,17,66,1),(80,22,17,67,1),(81,22,17,66,0),(82,22,17,67,0),(83,23,16,59,0),(84,23,16,60,0),(85,23,16,61,0),(86,23,16,62,0),(87,23,16,63,0),(88,24,16,59,1),(89,24,16,60,1),(90,24,16,61,1),(91,24,16,62,1),(92,24,16,63,1),(93,25,16,59,1),(94,25,16,60,1),(95,25,16,61,1),(96,25,16,62,1),(97,25,16,63,1),(98,26,16,61,1),(99,26,16,62,1),(100,26,16,61,0),(101,26,16,62,0),(102,27,19,74,0),(103,27,19,75,0),(104,28,20,79,1),(105,28,20,80,1),(106,28,20,85,1),(107,28,20,79,0),(108,28,20,80,0),(109,28,20,85,0),(110,29,19,74,0),(111,29,19,75,0),(112,30,19,74,0),(113,30,19,75,0),(114,30,19,76,0),(115,31,19,73,1),(116,31,19,74,1),(117,31,19,75,1),(118,31,19,76,1),(119,32,19,73,1),(120,32,19,74,1),(121,32,19,75,1),(122,32,19,76,1),(123,33,19,73,1),(124,33,19,74,1),(125,33,19,75,1),(126,33,19,76,1),(127,34,20,79,1),(128,34,20,80,1),(129,34,20,81,1),(130,34,20,82,1),(131,34,20,85,1),(132,34,20,79,0),(133,34,20,80,0),(134,34,20,81,0),(135,34,20,82,0),(136,34,20,85,0),(137,35,20,79,1),(138,35,20,80,1),(139,35,20,81,1),(140,35,20,83,1),(141,35,20,84,1),(142,35,20,85,1),(143,35,20,78,0),(144,35,20,79,0),(145,35,20,80,0),(146,35,20,81,0),(147,35,20,83,0),(148,35,20,84,0),(149,35,20,85,0),(150,36,22,94,1),(151,36,22,94,0),(152,37,18,69,1),(153,37,18,70,1),(154,37,18,69,0),(155,37,18,70,0),(156,38,19,73,1),(157,38,19,74,1),(158,38,19,73,0),(159,38,19,74,0),(160,39,23,96,0),(161,39,23,97,0),(162,39,23,98,0),(163,39,23,99,0),(164,39,23,100,0),(165,39,23,101,0),(166,40,23,96,1),(167,40,23,97,1),(168,40,23,98,1),(169,40,23,99,1),(170,40,23,100,1),(171,41,23,96,0),(172,41,23,97,0),(173,41,23,98,0),(174,41,23,99,0),(175,41,23,100,0),(176,41,23,101,0),(177,42,24,103,1),(178,42,24,104,1),(179,42,24,105,1),(180,42,24,106,1),(181,42,24,107,1),(182,42,24,103,0),(183,42,24,104,0),(184,42,24,105,0),(185,42,24,106,0),(186,42,24,107,0),(187,43,25,112,0),(188,43,25,113,0),(189,43,25,114,0),(190,43,25,115,0),(191,43,25,116,0),(192,43,25,117,0),(193,44,25,111,1),(194,44,25,112,1),(195,44,25,113,1),(196,44,25,115,1),(197,44,25,116,1),(198,45,25,112,1),(199,45,25,113,1),(200,45,25,115,1),(201,45,25,116,1),(202,45,25,117,1),(203,46,26,120,1),(204,46,26,121,1),(205,46,26,122,1),(206,46,26,123,1),(207,46,26,124,1),(208,46,26,125,1),(209,46,26,126,1),(210,46,26,127,1),(211,46,26,128,1),(212,46,26,129,1),(213,46,26,130,1),(214,46,26,131,1),(215,46,26,132,1),(216,46,26,133,1),(217,46,26,121,0),(218,46,26,122,0),(219,46,26,123,0),(220,46,26,124,0),(221,46,26,125,0),(222,46,26,126,0),(223,46,26,127,0),(224,46,26,128,0),(225,46,26,129,0),(226,46,26,130,0),(227,46,26,131,0),(228,46,26,132,0),(229,46,26,133,0),(230,47,26,162,1),(231,47,26,163,1),(232,47,26,164,1),(233,47,26,165,1),(234,47,26,122,0),(235,48,27,136,0),(236,48,27,137,0),(237,48,27,138,0),(238,48,27,139,0),(239,48,27,140,0),(240,48,27,141,0),(241,48,27,142,0),(242,49,27,136,1),(243,49,27,137,1),(244,49,27,138,1),(245,49,27,139,1),(246,49,27,140,1),(247,49,27,141,1),(248,49,27,143,1),(249,50,27,136,1),(250,50,27,137,1),(251,50,27,138,1),(252,50,27,139,1),(253,50,27,140,1),(254,50,27,141,1),(255,50,27,142,1),(256,50,27,143,1),(257,51,26,122,1),(258,51,26,123,1),(259,51,26,122,0),(260,51,26,123,0),(261,52,29,151,1),(262,52,29,152,1),(263,52,29,153,1),(264,52,29,151,0),(265,52,29,152,0),(266,52,29,153,0),(267,51,28,147,1),(268,51,28,147,0),(269,53,30,156,1),(270,53,30,157,1),(271,53,30,158,1),(272,53,30,159,1),(277,54,23,96,1),(274,53,30,157,0),(275,53,30,158,0),(276,53,30,159,0),(278,54,23,97,1),(279,54,23,98,1),(280,54,23,99,1),(281,54,23,100,1),(282,54,23,101,1),(283,55,23,96,1),(284,55,23,97,1),(285,55,23,98,1),(286,55,23,99,1),(287,55,23,100,1),(288,55,23,101,1),(289,55,23,96,0),(290,55,23,97,0),(291,55,23,98,0),(292,55,23,99,0),(293,55,23,100,0),(294,55,23,101,0),(295,56,25,112,1),(296,56,25,113,1),(297,56,25,114,1),(298,56,25,115,1),(299,56,25,116,1),(300,56,25,117,1),(301,57,27,136,1),(302,57,27,137,1),(303,57,27,138,1),(304,57,27,139,1),(305,57,27,140,1),(306,57,27,141,1),(307,57,27,142,1),(308,58,31,168,1),(309,58,31,169,1),(310,58,31,170,1),(311,58,31,171,1),(312,58,31,172,1),(313,58,31,173,1),(314,58,31,174,1),(315,59,31,169,0),(316,59,31,170,0),(317,59,31,171,0),(318,59,31,172,0),(319,59,31,173,0),(320,59,31,174,0),(321,60,31,167,1),(322,60,31,168,1),(323,60,31,169,1),(324,60,31,170,1),(325,60,31,171,1),(326,60,31,172,1),(327,60,31,173,1),(328,60,31,174,1),(329,60,31,175,1),(330,61,33,179,1),(331,61,33,180,1),(332,61,33,179,0),(333,61,33,180,0),(334,62,34,182,1),(335,62,34,183,1),(336,62,34,182,0),(337,62,34,183,0),(338,65,35,185,0),(339,65,35,186,0),(340,65,35,187,0),(341,65,35,188,0),(342,66,35,185,1),(343,66,35,186,1),(344,66,35,187,1),(345,66,35,188,1),(346,67,35,185,1),(347,67,35,186,1),(348,67,35,187,1),(349,67,35,188,1),(350,68,35,185,0),(351,68,35,186,0),(352,68,35,187,0),(353,68,35,188,0),(354,69,36,190,1),(355,69,36,190,0),(356,70,37,192,1),(357,70,37,193,1),(358,70,37,194,1),(359,70,37,195,1),(360,70,37,196,1),(361,71,38,199,1),(362,71,38,200,1),(363,71,38,201,1),(364,71,38,202,1),(365,71,38,205,1),(366,71,38,199,0),(367,71,38,200,0),(368,71,38,201,0),(369,71,38,202,0),(370,71,38,205,0),(371,74,37,192,0),(372,74,37,193,0),(373,74,37,194,0),(374,68,35,184,1),(375,77,31,167,0),(376,77,31,168,0),(377,77,31,174,0),(378,78,37,192,1),(379,78,37,193,1),(380,78,37,194,1),(381,79,37,192,1),(382,79,37,193,1),(383,79,37,194,1),(384,80,32,177,1),(385,82,19,74,1),(386,83,20,78,0),(387,83,20,79,0),(388,83,20,80,0),(389,83,20,82,0),(390,83,20,83,0),(391,83,20,85,0),(392,84,41,218,1),(393,84,41,219,1),(394,84,41,217,0),(395,84,41,218,0),(396,84,41,219,0),(397,88,43,222,1),(398,88,43,223,1),(399,88,43,222,0),(400,88,43,223,0),(401,89,42,224,1),(402,89,42,225,1),(403,89,42,226,1),(404,89,42,224,0),(405,89,42,225,0),(406,89,42,226,0),(407,90,44,228,1),(408,90,44,229,1),(409,90,44,230,1),(410,90,44,231,1),(411,90,44,228,0),(412,90,44,229,0),(413,90,44,230,0),(414,90,44,231,0),(418,92,45,233,0),(417,92,45,233,1),(426,96,44,231,1),(434,99,46,235,0),(432,99,46,235,1),(433,99,46,236,1),(435,99,46,236,0),(436,100,47,238,1),(437,100,47,238,0),(438,101,19,73,0),(439,101,19,74,0);
UNLOCK TABLES;
/*!40000 ALTER TABLE `rad_pagefield` ENABLE KEYS */;

--
-- Table structure for table `rad_pagelabels`
--

DROP TABLE IF EXISTS `rad_pagelabels`;
CREATE TABLE `rad_pagelabels` (
  `pagelabel_id` int(11) NOT NULL auto_increment,
  `page_id` int(11) NOT NULL default '0',
  `pagelabel_key` text NOT NULL,
  `pagelabel_label` text NOT NULL,
  `language_id` int(11) NOT NULL default '0',
  `pagelabel_isCreated` int(1) NOT NULL default '0',
  PRIMARY KEY  (`pagelabel_id`)
) TYPE=MyISAM;

--
-- Dumping data for table `rad_pagelabels`
--


/*!40000 ALTER TABLE `rad_pagelabels` DISABLE KEYS */;
LOCK TABLES `rad_pagelabels` WRITE;
INSERT INTO `rad_pagelabels` VALUES (1,2,'[Title]','Rics Addresses',1,0),(2,2,'[Instr]','Below is a list of all the important people I know.',1,0),(3,4,'[Title]','Add a new Address',1,0),(4,4,'[Instr]','Fill out the form.  Then press ADD.',1,0),(5,5,'[Title]','Edit an Address',1,0),(6,5,'[Instr]','Fill out the form.  Then press UPDATE.',1,0),(7,7,'[Title]','Delete?',1,0),(8,7,'[Instr]','Are you sure you want to delete this entry?',1,0),(9,8,'[Title]','Admin View',1,0),(10,8,'[Instr]','Works like an admin box...',1,0),(11,9,'[Title]','Nav Bar Groups',1,0),(12,9,'[Instr]','Use the following form to enter any NavBar groups.',1,0),(13,9,'[viewLinks]','View Links?',1,0),(14,9,'[links]','Links',1,0),(15,10,'[Title]','Nav Bar Links for Group [groupName]',1,0),(16,10,'[Instr]','Use the following form to add links to this Nav Bar group.',1,0),(17,10,'[viewAccessGroups]','Access Groups',1,0),(18,10,'[viewViewers]','Viewers',1,0),(19,10,'[groups]','Groups',1,0),(20,10,'[viewers]','Viewers',1,0),(21,11,'[Title]','[linkName] Group Associations',1,0),(22,11,'[Instr]','Use the following form to associate this link to a particular Access Group.',1,0),(23,12,'[Title]','[linkName] Viewers',1,0),(24,12,'[Instr]','Use the following form to associate this link with a given viewer on the web site.',1,0),(26,13,'[Title]','Accounts',1,0),(27,13,'[Instr]','These are the accounts on the system. ',1,0),(28,14,'[Title]','Add an Account',1,0),(29,14,'[Instr]','Use the following form to add a new account to the system.',1,0),(30,14,'[formLabel_pword2]','Password again',1,0),(31,15,'[Title]','Edit Account',1,0),(32,15,'[Instr]','Use the following form to edit this account.',1,0),(33,16,'[Title]','Modify Password for [viewerUserID]',1,0),(34,16,'[Instr]','Enter the new password in the following form.',1,0),(35,16,'[formLabel_pword2]','Enter the password again',1,0),(36,17,'[Title]','Delete Account ( [viewerUserID] )',1,0),(37,17,'[Instr]','Are you sure you want to remove the following account from the system?',1,0),(38,18,'[Title]','Access Categories',1,0),(39,18,'[Instr]','Use the following form to add new categories for the access groups.',1,0),(40,19,'[Title]','Access Groups',1,0),(41,19,'[Instr]','Use the following form to enter the access groups for the access category: <b>[accessCategoryName]</b>',1,0),(42,20,'[Title]','Site Languages',1,0),(43,20,'[Instr]','Use the following form to enter new languages for this site to manage.',1,0),(44,21,'[Title]','[viewUserID] Access Groups',1,0),(45,21,'[Instr]','Use the following form to update [viewerUserID]\'s access group settings.',1,0),(46,22,'[Title]','All the Seasons of 24 To Date',1,1),(47,22,'[Instr]','Use the following form to add/edit/delete a season.',1,1),(48,23,'[Title]','Here are all the episode for [seasonName]',1,1),(49,23,'[Instr]','Figure it out.',1,1),(50,24,'[Title]','Add a New Episode',1,1),(51,24,'[Instr]','Fill out the form',1,1),(52,25,'[Title]','Edit Episode Info',1,1),(53,25,'[Instr]','Make the changes below',1,1),(54,26,'[Title]','Are you sure?',1,1),(55,26,'[Instr]','Once it\'s gone, you can\'t get it back!',1,1),(56,14,'[error_passwordMatch]','Passwords did not match',1,0),(57,27,'[Title]','Welcome to the Staff Services Home Page',1,1),(58,28,'[Title]','Make a Payroll Adjustment Request',1,1),(59,28,'[Instr]','Use the following form to enter a payroll adjustment request.',1,1),(60,28,'[maxAsk]','You can ask for [amountSalaryLeft].',1,1),(61,29,'[Title]','Staff Services Administration',1,1),(62,30,'[Title]','Payroll List',1,1),(63,30,'[Instr]','These are all the people being tracked for payroll.',1,1),(64,31,'[Title]','Add Person',1,1),(65,31,'[Instr]','Use this form to add a person to the payroll system.',1,1),(66,32,'[Title]','Remove [userName]?',1,1),(67,32,'[Instr]','Are you sure you want to remove this person from the system?',1,1),(68,33,'[Title]','Edit [userName]',1,1),(69,33,'[Instr]','Use this form to update the payroll information for this person.',1,1),(70,34,'[Title]','Current Adjustments for [userName]',1,1),(71,34,'[Instr]','Use this form to enter or update any of the current monthly adjustments for this person.',1,1),(72,30,'[title_viewAdjustments]','Adjustments',1,1),(73,30,'[view]','view',1,1),(74,35,'[Title]','Requests for [userName]',1,1),(75,35,'[Instr]','Use this form for approving/rejecting this user\'s payroll adjustment requests.',1,1),(76,35,'[salaryCap]','Salary Cap [amountSalaryCap]',1,1),(77,36,'[Title]','Edit Adjustment Reasons',1,1),(78,36,'[Instr]','Use this form to modify the categories of adjustments.',1,1),(79,37,'[Title]','Modify Administrative Priviledges',1,1),(80,37,'[Instr]','Select the entries below to give administrative access to the payroll system.',1,1),(81,38,'[Title]','Payroll Reports',1,1),(82,38,'[Instr]','Select the users you want to generate a report for.  Then press \"Go\". To print out a report for a specific region, select that region in the Drop down list.',1,1),(83,38,'[selectRegion]','Select the region to print a report for',1,1),(84,39,'[Title]','Modules',1,0),(85,39,'[Instr]','Click on the \"ADD\" link to add a module.<br>Click on \"View\" to see a summary of the module.',1,0),(86,40,'[Title]','Add Module',1,0),(87,40,'[Instr]','Use this form to create a new module.',1,0),(88,41,'[Title]','[moduleName] Summary',1,0),(89,41,'[Instr]','Click on the \"Create Module\" link to make sure all parts of the module have been created.',1,0),(90,41,'[titleStateVar]','State Var',1,0),(91,41,'[titleDAObj]','DA Objects',1,0),(92,41,'[titlePage]','Pages',1,0),(93,41,'[titleTransitions]','Transitions',1,0),(94,41,'[titleSideBar]','Side Bar',1,0),(95,41,'[createModule]','Create Module',1,0),(96,41,'[returnList]','Return to Module List',1,0),(97,42,'[Title]','[moduleName]\'s State Variables',1,0),(98,42,'[Instr]','Use the following form to add state variables to this module.',1,0),(99,43,'[Title]','[moduleName]\'s Data Access Objects',1,0),(100,43,'[Instr]','Below is the list of Data Access Objects currently associated with this module.',1,0),(101,44,'[Title]','[moduleName]: Add Data Access Object',1,0),(102,44,'[Instr]','Use this form to add a new data access object.',1,0),(103,45,'[Title]','Edit [daobjName]',1,0),(104,45,'[Instr]','Use this form to edit this Data Access Object.',1,0),(105,46,'[Title]','Add Fields to [daobjName]',1,0),(106,46,'[Instr]','Use the following form to add fields to this Data Access Object.',1,0),(107,47,'[Title]','Enter Field Labels for [daobjName]',1,0),(108,47,'[Instr]','Use the following form to enter the labels you want displayed for these field labels when they are in use in your module.',1,0),(109,48,'[Title]','[moduleName]\'s Pages',1,0),(110,48,'[Instr]','Use the list below to work with the pages in the system.',1,0),(111,49,'[Title]','[moduleName]: Add New Page',1,0),(112,49,'[Instr]','Use this form to add a new page to this module.',1,0),(113,50,'[Title]','Edit [pageName]',1,0),(114,50,'[Instr]','Use this form to edit this page info.',1,0),(115,51,'[Title]','[pageName] Fields',1,0),(116,51,'[Instr]','Select the fields for use on this page.  The Data Access Objects might manage more fields than this page is interested in, so select the ones being used.<br><br> NOTE: you need to select the fields for both the Form section as well as the List section.',1,0),(117,51,'[formFields]','Form Fields',1,0),(118,51,'[listFields]','List Fields',1,0),(119,52,'[Title]','[pageName] Labels',1,0),(120,52,'[Instr]','Enter any additional labels for this page.',1,0),(121,53,'[Title]','[moduleName] Transitions',1,0),(122,53,'[Instr]','Enter the transitions between pages in this module.',1,0),(123,54,'[Title]','Edit [moduleName]',1,0),(124,54,'[Instr]','Use this form to edit the module information.',1,0),(125,55,'[Title]','Delete [moduleName]?',1,0),(126,55,'[Instr]','Are you sure you want to remove this module?',1,0),(127,56,'[Title]','Delete [daobjName]?',1,0),(128,56,'[Instr]','Are you sure you want to remove this Data Access Object?',1,0),(129,57,'[Title]','Delete [pageName]?',1,0),(130,57,'[Instr]','Are you sure you want to remove this Page from the module?',1,0),(131,58,'[Title]','Monthly Salary Update',1,1),(132,58,'[Instr]','Use this form to enter your salary update request.',1,1),(133,59,'[Title]','Salary Update Summary',1,1),(134,59,'[Instr]','The following salary request information has been passed on to the Staff Services team.',1,1),(135,60,'[Title]','Approve Salary Update Request ([userName])',1,1),(136,60,'[Instr]','Use this form to approve [userName] salary update request.',1,1),(137,61,'[Title]','Update the Age Coefficients',1,1),(138,61,'[Instr]','Use this form to update the Age Coefficients for the Salary Calculations.',1,1),(139,62,'[Title]','Update the Tenure Coefficients',1,1),(140,62,'[Instr]','Use this form to manage the Tenure Multiplier data.',1,1),(141,63,'[Title]','Cost Of Living Adjustment By City',1,1),(142,63,'[Instr]','Use this form to assign each city a Cost Of Living Adjustment. To make any Assignment specific adjustments click on the \"view\" link for that city.',1,1),(143,64,'[Title]','Cost Of Living Adjustment By Assignment ([cityName])',1,1),(144,64,'[Instr]','Use this form to enter any Assignment COLA adjustments.',1,1),(145,65,'[Title]','Movie Reviews',1,1),(146,65,'[Instr]','This page allows you to enter a movie and how good it was.',1,1),(147,66,'[Title]','Add Movie',1,1),(148,66,'[Instr]','Use this form to add a movie...',1,1),(149,67,'[Title]','Edit Movie ( [movieName] )',1,1),(150,67,'[Instr]','edit this movie',1,1),(151,68,'[Title]','Delete [movieName]?',1,1),(152,68,'[Instr]','Are you sure?',1,1),(153,69,'[Title]','Manage Genre',1,1),(154,69,'[Instr]','Go crazy adding your genres here ...',1,1),(156,70,'[Instr]','Use the following form to create a reimbursement request',1,1),(155,70,'[Title]','Reimbursement Request',1,1),(157,71,'[Title]','Enter Receipts',1,1),(158,71,'[Instr]','Use the following form to enter the receipts for this reimbursement.',1,1),(159,72,'[Title]','Advance Notification',1,1),(160,72,'[Instr]','You have an outstanding advance of [outstandingAdvAmt].',1,1),(161,73,'[Title]','Clear Advance?',1,1),(162,73,'[Instr]','You have [outstandingAdvAmt] outstanding advance. Do you want to clear your advance?',1,1),(163,74,'[Title]','Reimbursement Confirmation',1,1),(164,74,'[Instr]','Is the following reimbursement information correct?',1,1),(165,76,'[Title]','Title for this page',1,1),(166,76,'[Instr]','Instructions for this page',1,1),(167,78,'[Title]','Edit Reimbursement',1,1),(168,78,'[Instr]','Please Ensure that the fields are correct and update as necessary',1,1),(169,79,'[Title]','Delete Reimbursement',1,1),(170,79,'[Instr]','Please Confirm that you want to delete this reimbursement',1,1),(171,80,'[Title]','Update Base Salary',1,1),(172,80,'[Instr]','Enter the new base salary for use in Salary Cap calculations.  Once you enter the value, then every staff\'s base salary will be recalculated (so be patient while it runs ... it might take a while).',1,1),(173,81,'[Title]','Staff Coordinator',1,1),(174,81,'[Instr]','Here is your one stop shop for managing your staff.',1,1),(175,82,'[Title]','Payroll Reports',1,1),(176,82,'[Instr]','Select the staff to view reports for.',1,1),(177,84,'[Title]','Manage Fiscal Periods',1,1),(178,84,'[Instr]','Enter the end date of a accounting period and select a number for the fiscal year group that it belongs to',1,1),(179,85,'[Title]','Export to XML',1,1),(180,85,'[Instr]','Export database to XML, for the time period requested, in preparation for GL import.',1,1),(181,86,'[Title]','XML Export Summary',1,1),(182,86,'[Instr]','The xml has been exported to the server. Run the client program to facilitate import to Solomon GL',1,1),(183,87,'[age]','Age',1,1),(184,87,'[baseSalary]','Salary Cap Adjustment Factor',1,1),(185,87,'[cityCola]','Cost of Living Adjustment (COLA)',1,1),(186,87,'[tenure]','Tenure',1,1),(187,87,'[maxYearlySal]','Yearly Salary Cap',1,1),(188,88,'[Title]','Manage Fiscal Year',1,1),(189,88,'[Instr]','Enter the fiscal year settings.',1,1),(190,89,'[Title]','Manage Request Cut-Off Dates',1,1),(191,89,'[Instr]','Enter request cut-off dates.',1,1),(192,90,'[Title]','Manage NSC Territories',1,1),(193,90,'[Instr]','Enter of change the information related to NSC territories.',1,1),(197,92,'[Instr]','Choose a person to add him or her as an NSC.',1,1),(196,92,'[Title]','Manage NSCs',1,1),(205,96,'[Instr]','Choose a territory from the list below.  You will then be shown a list of all NSCs and NS assigned to this territory.',1,1),(204,96,'[Title]','Territory Coverage',1,1),(213,100,'[Instr]','Add, edit or delete administrators of this system.',1,1),(211,99,'[Instr]','Displays all NSCs and NS in this territory.  You may also add NSCs.',1,1),(212,100,'[Title]','Manage Administrators',1,1),(210,99,'[Title]','Manage Territory Coverage',1,1),(214,102,'[Title]','Configurations',1,1),(215,102,'[Instr]','Choose a configuration to set.',1,1);
UNLOCK TABLES;
/*!40000 ALTER TABLE `rad_pagelabels` ENABLE KEYS */;

--
-- Table structure for table `rad_statevar`
--

DROP TABLE IF EXISTS `rad_statevar`;
CREATE TABLE `rad_statevar` (
  `statevar_id` int(11) NOT NULL auto_increment,
  `module_id` int(11) NOT NULL default '0',
  `statevar_name` varchar(50) NOT NULL default '',
  `statevar_desc` text NOT NULL,
  `statevar_type` enum('STRING','BOOL','INTEGER') NOT NULL default 'STRING',
  `statevar_default` varchar(50) NOT NULL default '',
  `statevar_isCreated` int(1) NOT NULL default '0',
  `statevar_isUpdated` int(1) NOT NULL default '0',
  PRIMARY KEY  (`statevar_id`),
  KEY `module_id` (`module_id`)
) TYPE=MyISAM;

--
-- Dumping data for table `rad_statevar`
--


/*!40000 ALTER TABLE `rad_statevar` DISABLE KEYS */;
LOCK TABLES `rad_statevar` WRITE;
INSERT INTO `rad_statevar` VALUES (1,1,'addressID','Unique ID for the entry in the Address DB Table.','INTEGER','',0,0),(2,2,'groupID','The Unique ID of the group we are working with.','INTEGER','',0,0),(3,2,'linkID','The Unique ID of the link we are working with.','INTEGER','',0,0),(6,3,'accountGroupID','Tracks which group of web site accounts we are working with.','INTEGER','',0,0),(7,3,'viewerID','Tracks which user account we are working with.','INTEGER','',0,0),(8,3,'accessCategoryID','Tracks which category of Access Priviledges we are working with.','INTEGER','',0,0),(9,3,'accessGroupID','Tracks which Access Group we are working with.','INTEGER','',0,0),(10,3,'languageID','Tracks which Language entry we are working with.','INTEGER','',0,0),(11,4,'seasonID','The unique id of the season we are working with.','INTEGER','',1,0),(12,4,'episodeID','The unique id of the episode we are working with','INTEGER','',1,0),(13,5,'nssRenID','id of ns in the payroll system','INTEGER','',1,0),(14,5,'regionID','id of region in AI system','INTEGER','',1,0),(15,5,'nssPayRollAdjustmentID','id of staff monthly pay adjustment','INTEGER','',1,0),(16,5,'nssAdjustmentReasonID','id of adjustment reason','INTEGER','',1,0),(22,6,'daObjID','The ID of the Data Access Object we are working with','INTEGER','',0,0),(18,6,'stateVarID','The ID of the state variable we are working with','INTEGER','',0,0),(17,6,'moduleID','The ID of the module we are working with','INTEGER','',0,0),(23,6,'daFieldID','The ID of the Data Access Field Object we are working with','INTEGER','',0,0),(24,6,'pageID','The ID of the Page object we are working with.','INTEGER','',0,0),(25,6,'pageLabelID','The ID of the Page Label object we are working with','INTEGER','',0,0),(26,6,'transitionID','The ID of the transition we are working with','INTEGER','',0,0),(27,6,'sideBarID','The ID of the Side Bar Object we are working with','INTEGER','',0,0),(28,6,'sideBarLinkID','The ID of the Side Bar Link we are working with','INTEGER','',0,0),(29,6,'sideBarLabelID','The ID of the Side Bar label we are working with','INTEGER','',0,0),(31,5,'cityID','id of the City to edit (for COLA adjustments)','INTEGER','',1,0),(32,5,'assignmentID','id of the Assignment to edit ( for COLA adjustments)','INTEGER','',1,0),(33,5,'ageMultiplierID','id of the Age Multiplier we are working with','INTEGER','',1,0),(34,5,'tenureMultiplierID','id of the Tenure Multiplier we are working with','INTEGER','',1,0),(35,5,'salaryCalcID','id of the Salary Calculation Request we are workin with','INTEGER','',1,0),(36,7,'movieID','The ID of the movie entry we are working with.','INTEGER','',1,0),(37,7,'genreID','The ID of the genre entry we are working with','INTEGER','',1,0),(39,5,'reimbReceiptID','id of the Receipt we are working with','INTEGER','',1,0),(38,5,'reimbSetID','id of the Reimbursement Set we are working with','INTEGER','',1,0),(40,5,'salaryAdvanceID','id of the Salary Advance entry we are working with','INTEGER','',1,0),(30,5,'nssAccessPrivID','id of the Access Priviledge Entry we are working with','INTEGER','',1,0),(41,5,'fiscalCutoffID','id of the cut off date for transactions for a fiscal period','INTEGER','',1,0),(42,5,'requestCutoffID','id of the request cutoff date','INTEGER','',1,0),(43,5,'fiscalYearID','id of the current fiscal year','INTEGER','',1,0),(44,5,'nscTerritoryID','id of the current NSC territory','INTEGER','',1,0),(45,5,'nscID','id of an NSC','INTEGER','',1,0),(46,5,'coverageID','id of the territory coverage table','INTEGER','',1,0),(47,5,'adminID','id of an administrator for the payroll system','INTEGER','',1,0);
UNLOCK TABLES;
/*!40000 ALTER TABLE `rad_statevar` ENABLE KEYS */;

--
-- Table structure for table `rad_transitions`
--

DROP TABLE IF EXISTS `rad_transitions`;
CREATE TABLE `rad_transitions` (
  `transition_id` int(11) NOT NULL auto_increment,
  `module_id` int(11) NOT NULL default '0',
  `transition_fromObjID` int(11) NOT NULL default '0',
  `transition_toObjID` int(11) NOT NULL default '0',
  `transition_type` varchar(10) NOT NULL default '',
  `transition_isCreated` int(1) NOT NULL default '0',
  PRIMARY KEY  (`transition_id`)
) TYPE=MyISAM;

--
-- Dumping data for table `rad_transitions`
--


/*!40000 ALTER TABLE `rad_transitions` DISABLE KEYS */;
LOCK TABLES `rad_transitions` WRITE;
INSERT INTO `rad_transitions` VALUES (1,1,2,4,'add',0),(2,1,2,5,'edit',0),(3,1,4,2,'form',0),(4,1,5,2,'form',0),(5,1,7,2,'form',0),(6,1,2,7,'del',0),(7,1,2,8,'cont',0),(8,1,8,2,'cont',0),(25,3,17,13,'form',0),(11,2,9,9,'cont',0),(24,3,16,13,'form',0),(14,2,10,9,'cont',0),(23,3,14,13,'form',0),(17,2,11,10,'cont',0),(22,3,15,13,'form',0),(20,2,12,10,'cont',0),(26,3,19,18,'cont',0),(27,4,23,24,'add',0),(28,4,23,25,'edit',0),(29,4,23,26,'del',0),(30,4,23,22,'cont',0),(31,4,24,23,'form',1),(32,4,25,23,'form',1),(33,4,26,23,'form',1),(34,3,13,14,'add',0),(35,3,13,15,'edit',0),(36,3,13,17,'del',0),(37,5,30,31,'add',0),(38,5,30,33,'edit',0),(39,5,30,32,'del',0),(40,5,31,30,'form',1),(41,5,32,30,'form',1),(42,5,33,30,'form',1),(43,5,34,30,'cont',0),(44,5,35,29,'form',1),(45,6,39,40,'add',0),(46,6,39,54,'edit',0),(47,6,39,55,'del',0),(48,6,40,42,'form',0),(49,6,42,43,'form',0),(50,6,43,44,'add',0),(51,6,43,45,'edit',0),(52,6,43,56,'del',0),(53,6,43,48,'cont',0),(54,6,44,46,'form',0),(55,6,45,46,'form',0),(56,6,46,47,'cont',0),(57,6,47,43,'form',0),(58,6,48,49,'add',0),(59,6,48,50,'edit',0),(60,6,48,57,'del',0),(61,6,48,53,'cont',0),(62,6,49,51,'form',0),(63,6,50,51,'form',0),(64,6,51,52,'form',0),(65,6,52,48,'cont',0),(66,6,57,48,'form',0),(67,6,56,43,'form',0),(68,6,55,39,'form',0),(69,6,54,42,'form',0),(70,6,53,41,'cont',0),(71,5,58,59,'form',1),(72,5,60,29,'form',1),(73,7,65,66,'add',0),(74,7,65,67,'edit',0),(75,7,65,68,'del',0),(76,7,65,76,'cont',0),(77,7,66,65,'form',1),(78,7,67,65,'form',1),(79,7,68,65,'form',1),(80,7,69,65,'cont',0),(82,5,71,74,'cont',0),(81,5,70,71,'form',1),(83,5,72,74,'cont',0),(84,5,73,74,'form',1),(85,5,74,27,'form',1),(86,7,76,65,'cont',0),(87,5,80,29,'form',1),(88,5,78,71,'form',1),(89,5,79,27,'form',1),(90,5,84,29,'cont',0),(91,5,85,29,'form',1),(92,5,86,29,'cont',0),(93,5,88,29,'cont',0),(94,5,89,29,'cont',0),(95,5,90,29,'cont',0),(106,5,101,29,'cont',0),(97,5,92,29,'cont',0),(105,5,100,29,'cont',0),(104,5,99,29,'cont',0),(107,5,102,29,'cont',0);
UNLOCK TABLES;
/*!40000 ALTER TABLE `rad_transitions` ENABLE KEYS */;

/*!40101 SET SQL_MODE=@OLD_SQL_MODE */;
/*!40014 SET FOREIGN_KEY_CHECKS=@OLD_FOREIGN_KEY_CHECKS */;
/*!40014 SET UNIQUE_CHECKS=@OLD_UNIQUE_CHECKS */;
/*!40101 SET CHARACTER_SET_CLIENT=@OLD_CHARACTER_SET_CLIENT */;
/*!40101 SET CHARACTER_SET_RESULTS=@OLD_CHARACTER_SET_RESULTS */;
/*!40101 SET COLLATION_CONNECTION=@OLD_COLLATION_CONNECTION */;

